core,arm,structure,seed,value
Allegro,O(3),mp-1209810,0,1.745501854425062e-07
Allegro,O(3),mp-694931,0,1.7823313403036503e-07
Allegro,O(3),mp-1111628,0,1.5771304988240237e-07
Allegro,O(3),mp-1188923,0,1.1686515091144687e-07
Allegro,O(3),mp-1182484,0,2.641352913900171e-07
Allegro,O(3),mp-11641,0,2.222276424572992e-07
Allegro,O(3),mp-677242,0,1.7004431928264074e-07
Allegro,O(3),mp-5767,0,4.804884254246311e-07
Allegro,O(3),mp-1213705,0,1.5567548757564948e-07
Allegro,O(3),mp-1227053,0,1.5005240395087189e-07
Allegro,O(3),mp-1174267,0,2.377072385399217e-07
Allegro,O(3),mp-766486,0,1.060625854985928e-07
Allegro,O(3),mp-754349,0,7.61697732415463e-08
Allegro,O(3),mp-1223924,0,7.58549450710835e-08
Allegro,O(3),mp-1025162,0,6.448895805349378e-08
Allegro,O(3),mp-19965,0,1.3244235325523887e-07
Allegro,O(3),mp-15567,0,1.910422049596853e-07
Allegro,O(3),mp-755225,0,2.1573970703843152e-07
Allegro,O(3),mp-7437,0,9.411123079492897e-08
Allegro,O(3),mp-755925,0,2.3123673446507327e-07
Allegro,O(3),mp-1209810,1,1.7661810476671126e-07
Allegro,O(3),mp-694931,1,1.9420474676163028e-07
Allegro,O(3),mp-1111628,1,2.3473156305921471e-07
Allegro,O(3),mp-1188923,1,1.2077464958214475e-07
Allegro,O(3),mp-1182484,1,3.4169421197818294e-07
Allegro,O(3),mp-11641,1,1.572912586561351e-07
Allegro,O(3),mp-677242,1,1.834749950154371e-07
Allegro,O(3),mp-5767,1,2.5492333461307433e-07
Allegro,O(3),mp-1213705,1,1.9114977114802285e-07
Allegro,O(3),mp-1227053,1,8.738918154371516e-08
Allegro,O(3),mp-1174267,1,1.1678007131534604e-07
Allegro,O(3),mp-766486,1,9.556039745158216e-08
Allegro,O(3),mp-754349,1,1.7735602667314844e-07
Allegro,O(3),mp-1223924,1,8.489224951864486e-08
Allegro,O(3),mp-1025162,1,1.0801417235200088e-07
Allegro,O(3),mp-19965,1,1.14813900068245e-07
Allegro,O(3),mp-15567,1,2.0416063576093686e-07
Allegro,O(3),mp-755225,1,2.6534104573665767e-07
Allegro,O(3),mp-7437,1,2.030445364078713e-07
Allegro,O(3),mp-755925,1,2.8046441143523006e-07
Allegro,O(3),mp-1209810,2,1.5767723762043083e-07
Allegro,O(3),mp-694931,2,1.809231115385254e-07
Allegro,O(3),mp-1111628,2,5.6200117729019845e-08
Allegro,O(3),mp-1188923,2,1.874851603171273e-07
Allegro,O(3),mp-1182484,2,1.2332490666929698e-07
Allegro,O(3),mp-11641,2,2.042590418867502e-07
Allegro,O(3),mp-677242,2,1.3544224437030786e-07
Allegro,O(3),mp-5767,2,2.1749601131404836e-07
Allegro,O(3),mp-1213705,2,1.4916450520727333e-07
Allegro,O(3),mp-1227053,2,1.5856249676629428e-07
Allegro,O(3),mp-1174267,2,2.5849847730459863e-07
Allegro,O(3),mp-766486,2,1.4467522467660477e-07
Allegro,O(3),mp-754349,2,2.436089722739465e-07
Allegro,O(3),mp-1223924,2,1.1492623745185624e-07
Allegro,O(3),mp-1025162,2,1.123751544944233e-07
Allegro,O(3),mp-19965,2,9.024014069535403e-08
Allegro,O(3),mp-15567,2,1.6072245406548844e-07
Allegro,O(3),mp-755225,2,1.9111354248536675e-07
Allegro,O(3),mp-7437,2,1.0308999296988678e-07
Allegro,O(3),mp-755925,2,2.2930965865670616e-07
Allegro,SO(3),mp-1209810,0,0.5218771662619424
Allegro,SO(3),mp-694931,0,0.6413240153203205
Allegro,SO(3),mp-1111628,0,0.5483193368259365
Allegro,SO(3),mp-1188923,0,0.23729382403007904
Allegro,SO(3),mp-1182484,0,0.3365808689712976
Allegro,SO(3),mp-11641,0,0.6870901277716603
Allegro,SO(3),mp-677242,0,0.6124856353030923
Allegro,SO(3),mp-5767,0,0.30122081216136926
Allegro,SO(3),mp-1213705,0,0.7522662859253967
Allegro,SO(3),mp-1227053,0,0.4103820474967075
Allegro,SO(3),mp-1174267,0,0.5165162202379684
Allegro,SO(3),mp-766486,0,0.49778494267548956
Allegro,SO(3),mp-754349,0,0.5565855915363281
Allegro,SO(3),mp-1223924,0,0.29182412903688887
Allegro,SO(3),mp-1025162,0,0.2531895797947912
Allegro,SO(3),mp-19965,0,0.2880341416032208
Allegro,SO(3),mp-15567,0,0.4810486579752647
Allegro,SO(3),mp-755225,0,0.4890172742659376
Allegro,SO(3),mp-7437,0,0.38303399224326723
Allegro,SO(3),mp-755925,0,0.7373633590648412
Allegro,SO(3),mp-1209810,1,0.5476257642686173
Allegro,SO(3),mp-694931,1,0.44577222928442495
Allegro,SO(3),mp-1111628,1,0.3435948672602818
Allegro,SO(3),mp-1188923,1,0.49369870371305846
Allegro,SO(3),mp-1182484,1,0.5711044306133357
Allegro,SO(3),mp-11641,1,0.628030738697548
Allegro,SO(3),mp-677242,1,0.5733355379439318
Allegro,SO(3),mp-5767,1,0.6565334965370024
Allegro,SO(3),mp-1213705,1,0.741396718639491
Allegro,SO(3),mp-1227053,1,0.47038631945156983
Allegro,SO(3),mp-1174267,1,0.4059590627962934
Allegro,SO(3),mp-766486,1,0.45212589905487716
Allegro,SO(3),mp-754349,1,0.7700281856529106
Allegro,SO(3),mp-1223924,1,0.4273765984746848
Allegro,SO(3),mp-1025162,1,0.18577732315193016
Allegro,SO(3),mp-19965,1,0.36564620759741073
Allegro,SO(3),mp-15567,1,0.5606874909129878
Allegro,SO(3),mp-755225,1,0.6312369376352384
Allegro,SO(3),mp-7437,1,0.4636213509797195
Allegro,SO(3),mp-755925,1,0.5856983971501104
Allegro,SO(3),mp-1209810,2,0.65526719211232
Allegro,SO(3),mp-694931,2,0.34491511561577787
Allegro,SO(3),mp-1111628,2,0.2075103012304119
Allegro,SO(3),mp-1188923,2,0.5634963188851346
Allegro,SO(3),mp-1182484,2,0.7248006922491638
Allegro,SO(3),mp-11641,2,0.6648225901168608
Allegro,SO(3),mp-677242,2,0.6900867754861052
Allegro,SO(3),mp-5767,2,0.6634143210968468
Allegro,SO(3),mp-1213705,2,0.6913048618269269
Allegro,SO(3),mp-1227053,2,0.4827895603576896
Allegro,SO(3),mp-1174267,2,0.475080686647504
Allegro,SO(3),mp-766486,2,0.4475505688569143
Allegro,SO(3),mp-754349,2,0.7220191900975391
Allegro,SO(3),mp-1223924,2,0.49954807473836144
Allegro,SO(3),mp-1025162,2,0.1503890848450325
Allegro,SO(3),mp-19965,2,0.2785769324365016
Allegro,SO(3),mp-15567,2,0.7754209180399152
Allegro,SO(3),mp-755225,2,0.6345117556740004
Allegro,SO(3),mp-7437,2,0.6642611114083524
Allegro,SO(3),mp-755925,2,0.639736654370567
NequIP,O(3),mp-1209810,0,1.750629726935965e-07
NequIP,O(3),mp-694931,0,7.810183846237602e-08
NequIP,O(3),mp-1111628,0,6.24801371794027e-08
NequIP,O(3),mp-1188923,0,1.2633113961001205e-07
NequIP,O(3),mp-1182484,0,1.3813145511582595e-07
NequIP,O(3),mp-11641,0,1.8786251200585845e-07
NequIP,O(3),mp-677242,0,1.6544517885815927e-07
NequIP,O(3),mp-5767,0,1.817002109625366e-07
NequIP,O(3),mp-1213705,0,2.1048282317110207e-07
NequIP,O(3),mp-1227053,0,2.078701307023708e-08
NequIP,O(3),mp-1174267,0,1.5897084605311132e-07
NequIP,O(3),mp-766486,0,8.297250619181853e-08
NequIP,O(3),mp-754349,0,3.106357302498744e-07
NequIP,O(3),mp-1223924,0,1.884199535614866e-07
NequIP,O(3),mp-1025162,0,4.6812852735334186e-08
NequIP,O(3),mp-19965,0,1.2948733427033003e-07
NequIP,O(3),mp-15567,0,1.569756663170849e-07
NequIP,O(3),mp-755225,0,1.9541600528205456e-07
NequIP,O(3),mp-7437,0,1.2821438538737133e-07
NequIP,O(3),mp-755925,0,1.470045597739286e-07
NequIP,O(3),mp-1209810,1,1.9444453609232305e-07
NequIP,O(3),mp-694931,1,1.4056130963589823e-07
NequIP,O(3),mp-1111628,1,5.1851182124209623e-08
NequIP,O(3),mp-1188923,1,6.213451396910364e-08
NequIP,O(3),mp-1182484,1,1.2765859204895514e-07
NequIP,O(3),mp-11641,1,1.622684650467906e-07
NequIP,O(3),mp-677242,1,1.3864605534494064e-07
NequIP,O(3),mp-5767,1,2.2518079363174632e-07
NequIP,O(3),mp-1213705,1,1.8327515873783012e-07
NequIP,O(3),mp-1227053,1,8.020830980463483e-08
NequIP,O(3),mp-1174267,1,2.343399994095449e-07
NequIP,O(3),mp-766486,1,1.2969935641512822e-07
NequIP,O(3),mp-754349,1,2.773569345482545e-07
NequIP,O(3),mp-1223924,1,6.402062311781749e-08
NequIP,O(3),mp-1025162,1,6.480546570418572e-08
NequIP,O(3),mp-19965,1,9.151432816108708e-08
NequIP,O(3),mp-15567,1,1.1483740002262158e-07
NequIP,O(3),mp-755225,1,2.195582699623087e-07
NequIP,O(3),mp-7437,1,1.1540007269877731e-07
NequIP,O(3),mp-755925,1,2.0881988492385988e-07
NequIP,O(3),mp-1209810,2,1.8672447468639105e-07
NequIP,O(3),mp-694931,2,8.297470307683524e-08
NequIP,O(3),mp-1111628,2,5.988153219799561e-08
NequIP,O(3),mp-1188923,2,5.74737791961678e-08
NequIP,O(3),mp-1182484,2,1.8923594095075773e-07
NequIP,O(3),mp-11641,2,2.4053861403125235e-07
NequIP,O(3),mp-677242,2,1.338137830105057e-07
NequIP,O(3),mp-5767,2,2.0736279404386656e-07
NequIP,O(3),mp-1213705,2,1.1289669483586352e-07
NequIP,O(3),mp-1227053,2,4.540583595784517e-08
NequIP,O(3),mp-1174267,2,2.0465742099306817e-07
NequIP,O(3),mp-766486,2,1.3904426891153742e-07
NequIP,O(3),mp-754349,2,4.1345466376590335e-07
NequIP,O(3),mp-1223924,2,1.6778964850386228e-07
NequIP,O(3),mp-1025162,2,3.8292874901088205e-08
NequIP,O(3),mp-19965,2,7.833953643829631e-08
NequIP,O(3),mp-15567,2,1.0884719803649081e-07
NequIP,O(3),mp-755225,2,1.916404081212404e-07
NequIP,O(3),mp-7437,2,7.418039390518904e-08
NequIP,O(3),mp-755925,2,2.1211958830711743e-07
NequIP,SO(3),mp-1209810,0,0.6042793886731923
NequIP,SO(3),mp-694931,0,0.3421534024185523
NequIP,SO(3),mp-1111628,0,0.12130352642682227
NequIP,SO(3),mp-1188923,0,0.20886863052902385
NequIP,SO(3),mp-1182484,0,0.7819673003105021
NequIP,SO(3),mp-11641,0,0.37636650541207345
NequIP,SO(3),mp-677242,0,0.2666676163735239
NequIP,SO(3),mp-5767,0,0.4961352667708864
NequIP,SO(3),mp-1213705,0,0.37672743895929944
NequIP,SO(3),mp-1227053,0,0.23831495614788337
NequIP,SO(3),mp-1174267,0,0.6566205954533566
NequIP,SO(3),mp-766486,0,0.3137608220705025
NequIP,SO(3),mp-754349,0,0.6600656121531234
NequIP,SO(3),mp-1223924,0,0.10553979724085388
NequIP,SO(3),mp-1025162,0,0.3893698331276199
NequIP,SO(3),mp-19965,0,0.1593904121459404
NequIP,SO(3),mp-15567,0,0.3959330884991573
NequIP,SO(3),mp-755225,0,0.6207708787369267
NequIP,SO(3),mp-7437,0,0.37120986875738066
NequIP,SO(3),mp-755925,0,0.81874027468341
NequIP,SO(3),mp-1209810,1,0.46868035012920084
NequIP,SO(3),mp-694931,1,0.47161132744632306
NequIP,SO(3),mp-1111628,1,0.2009089909741562
NequIP,SO(3),mp-1188923,1,0.1419799869990152
NequIP,SO(3),mp-1182484,1,0.5032962030436965
NequIP,SO(3),mp-11641,1,0.53325997086871
NequIP,SO(3),mp-677242,1,0.35468037731703295
NequIP,SO(3),mp-5767,1,0.5212988943684471
NequIP,SO(3),mp-1213705,1,0.6110746981809048
NequIP,SO(3),mp-1227053,1,0.21974056073776269
NequIP,SO(3),mp-1174267,1,0.47954842236872786
NequIP,SO(3),mp-766486,1,0.3987044435125116
NequIP,SO(3),mp-754349,1,0.880542701555985
NequIP,SO(3),mp-1223924,1,0.16360482536973828
NequIP,SO(3),mp-1025162,1,0.3636921227353314
NequIP,SO(3),mp-19965,1,0.25402540976336196
NequIP,SO(3),mp-15567,1,0.5972430568041905
NequIP,SO(3),mp-755225,1,0.6837398547451328
NequIP,SO(3),mp-7437,1,0.19687238902633009
NequIP,SO(3),mp-755925,1,0.6824608850287823
NequIP,SO(3),mp-1209810,2,0.5185081841387627
NequIP,SO(3),mp-694931,2,0.3280088613106548
NequIP,SO(3),mp-1111628,2,0.36678081987777494
NequIP,SO(3),mp-1188923,2,0.2399037209979433
NequIP,SO(3),mp-1182484,2,0.516391459051703
NequIP,SO(3),mp-11641,2,0.5360071000408532
NequIP,SO(3),mp-677242,2,0.44171096132331056
NequIP,SO(3),mp-5767,2,0.7214003738500409
NequIP,SO(3),mp-1213705,2,0.5356582555399328
NequIP,SO(3),mp-1227053,2,0.10456327741389014
NequIP,SO(3),mp-1174267,2,0.6772619413286661
NequIP,SO(3),mp-766486,2,0.5357678620138345
NequIP,SO(3),mp-754349,2,0.6546188732891466
NequIP,SO(3),mp-1223924,2,0.10510490569424362
NequIP,SO(3),mp-1025162,2,0.19518944627457746
NequIP,SO(3),mp-19965,2,0.17368633678650053
NequIP,SO(3),mp-15567,2,0.5647180504555632
NequIP,SO(3),mp-755225,2,0.6144338613828085
NequIP,SO(3),mp-7437,2,0.2852139632233173
NequIP,SO(3),mp-755925,2,0.7565473166540135
MACE,O(3),mp-1209810,0,1.0132349871835568e-06
MACE,O(3),mp-694931,0,9.377703231107195e-07
MACE,O(3),mp-1111628,0,2.1714745778765125e-07
MACE,O(3),mp-1188923,0,1.0031168041534938e-06
MACE,O(3),mp-1182484,0,6.558469039678234e-07
MACE,O(3),mp-11641,0,1.4345085592861066e-06
MACE,O(3),mp-677242,0,7.222757092099309e-07
MACE,O(3),mp-5767,0,3.306041150853686e-07
MACE,O(3),mp-1213705,0,1.805426236620904e-06
MACE,O(3),mp-1227053,0,1.2583535430425437e-06
MACE,O(3),mp-1174267,0,1.1461621413398308e-06
MACE,O(3),mp-766486,0,1.3847617692080785e-06
MACE,O(3),mp-754349,0,3.4726775115106473e-07
MACE,O(3),mp-1223924,0,1.1908914235147432e-06
MACE,O(3),mp-1025162,0,3.5976280299046346e-07
MACE,O(3),mp-19965,0,2.3350065134930997e-06
MACE,O(3),mp-15567,0,1.1924189361958307e-06
MACE,O(3),mp-755225,0,1.1778984817215966e-06
MACE,O(3),mp-7437,0,3.1651853762100413e-07
MACE,O(3),mp-755925,0,1.1463479065264476e-06
MACE,O(3),mp-1209810,1,1.1053759269996926e-06
MACE,O(3),mp-694931,1,6.68724922353535e-07
MACE,O(3),mp-1111628,1,3.396463731505361e-07
MACE,O(3),mp-1188923,1,8.262126123040572e-07
MACE,O(3),mp-1182484,1,8.988602407729987e-07
MACE,O(3),mp-11641,1,1.2635379277807815e-06
MACE,O(3),mp-677242,1,1.0840373273579924e-06
MACE,O(3),mp-5767,1,3.2882704943780756e-07
MACE,O(3),mp-1213705,1,1.9990749618093863e-06
MACE,O(3),mp-1227053,1,6.74914554708752e-07
MACE,O(3),mp-1174267,1,1.3123103536986955e-06
MACE,O(3),mp-766486,1,9.774002715635585e-07
MACE,O(3),mp-754349,1,4.2337852539317604e-07
MACE,O(3),mp-1223924,1,6.855321633390751e-07
MACE,O(3),mp-1025162,1,2.567629075104152e-07
MACE,O(3),mp-19965,1,9.545257102548064e-07
MACE,O(3),mp-15567,1,1.281519502398124e-06
MACE,O(3),mp-755225,1,1.598532900172705e-06
MACE,O(3),mp-7437,1,5.856674125093245e-07
MACE,O(3),mp-755925,1,1.344698390182081e-06
MACE,O(3),mp-1209810,2,1.0298173272515295e-06
MACE,O(3),mp-694931,2,9.606947330903261e-07
MACE,O(3),mp-1111628,2,4.5965364453299903e-07
MACE,O(3),mp-1188923,2,6.494768350252717e-07
MACE,O(3),mp-1182484,2,1.140272700506027e-06
MACE,O(3),mp-11641,2,1.2822936011062522e-06
MACE,O(3),mp-677242,2,8.395026971423633e-07
MACE,O(3),mp-5767,2,3.393373995869101e-07
MACE,O(3),mp-1213705,2,1.1828674722326002e-06
MACE,O(3),mp-1227053,2,6.260130823207793e-07
MACE,O(3),mp-1174267,2,1.6191999007913964e-06
MACE,O(3),mp-766486,2,6.437301867482569e-07
MACE,O(3),mp-754349,2,5.187622024851772e-07
MACE,O(3),mp-1223924,2,5.236553113409718e-07
MACE,O(3),mp-1025162,2,3.6073450754241107e-07
MACE,O(3),mp-19965,2,1.1073811239247162e-06
MACE,O(3),mp-15567,2,2.178147196298381e-06
MACE,O(3),mp-755225,2,1.297725028982418e-06
MACE,O(3),mp-7437,2,2.4537408555232147e-07
MACE,O(3),mp-755925,2,1.5555986639103627e-06
MACE,SO(3),mp-1209810,0,0.7051790665424823
MACE,SO(3),mp-694931,0,0.3094018828717316
MACE,SO(3),mp-1111628,0,0.08612481224315939
MACE,SO(3),mp-1188923,0,0.2649120976693159
MACE,SO(3),mp-1182484,0,0.7845662139456044
MACE,SO(3),mp-11641,0,0.5300599370902122
MACE,SO(3),mp-677242,0,0.5092243942173544
MACE,SO(3),mp-5767,0,0.4997159740070394
MACE,SO(3),mp-1213705,0,0.8070823157991109
MACE,SO(3),mp-1227053,0,0.1614495220229254
MACE,SO(3),mp-1174267,0,0.5575168236462196
MACE,SO(3),mp-766486,0,0.4147207649695716
MACE,SO(3),mp-754349,0,0.684261756877617
MACE,SO(3),mp-1223924,0,0.7216618962519521
MACE,SO(3),mp-1025162,0,0.14779889763357168
MACE,SO(3),mp-19965,0,0.44539315304802174
MACE,SO(3),mp-15567,0,0.6790797600919559
MACE,SO(3),mp-755225,0,0.6656607205715954
MACE,SO(3),mp-7437,0,0.5474120811106971
MACE,SO(3),mp-755925,0,0.7224896260689623
MACE,SO(3),mp-1209810,1,0.5745375086527144
MACE,SO(3),mp-694931,1,0.28118299494952814
MACE,SO(3),mp-1111628,1,0.1463389977873834
MACE,SO(3),mp-1188923,1,0.43305110837780947
MACE,SO(3),mp-1182484,1,0.5984754982612984
MACE,SO(3),mp-11641,1,0.6223402696659384
MACE,SO(3),mp-677242,1,0.5314362701179051
MACE,SO(3),mp-5767,1,0.7378652930804935
MACE,SO(3),mp-1213705,1,0.7631892808963379
MACE,SO(3),mp-1227053,1,0.16645709657040975
MACE,SO(3),mp-1174267,1,0.4011490411618561
MACE,SO(3),mp-766486,1,0.38559600455204707
MACE,SO(3),mp-754349,1,0.7021933116916722
MACE,SO(3),mp-1223924,1,0.3860559196498945
MACE,SO(3),mp-1025162,1,0.5514030487804177
MACE,SO(3),mp-19965,1,0.2077406594653381
MACE,SO(3),mp-15567,1,0.6069707905259792
MACE,SO(3),mp-755225,1,0.647882554334933
MACE,SO(3),mp-7437,1,0.35518052802766703
MACE,SO(3),mp-755925,1,0.7458288666757387
MACE,SO(3),mp-1209810,2,0.5314734851638392
MACE,SO(3),mp-694931,2,0.3857176904392972
MACE,SO(3),mp-1111628,2,0.2681258900410132
MACE,SO(3),mp-1188923,2,0.3702606116221548
MACE,SO(3),mp-1182484,2,0.604830587693282
MACE,SO(3),mp-11641,2,0.6635126191397475
MACE,SO(3),mp-677242,2,0.6164415428380943
MACE,SO(3),mp-5767,2,0.6600740893365022
MACE,SO(3),mp-1213705,2,0.8127685889409746
MACE,SO(3),mp-1227053,2,0.27591099381335393
MACE,SO(3),mp-1174267,2,0.5471833755681116
MACE,SO(3),mp-766486,2,0.5579546261100843
MACE,SO(3),mp-754349,2,0.7874352778579601
MACE,SO(3),mp-1223924,2,0.36243613487389625
MACE,SO(3),mp-1025162,2,0.22001458186783004
MACE,SO(3),mp-19965,2,0.3400434388323904
MACE,SO(3),mp-15567,2,0.40629907506940166
MACE,SO(3),mp-755225,2,0.688358025198802
MACE,SO(3),mp-7437,2,0.27117558695385185
MACE,SO(3),mp-755925,2,0.6808910751200887
