delta,arm,core,magnitude
0.0,O(3),Allegro,2.654605803324254e-07
0.0,SO(3),Allegro,0.2824733952681224
0.0,SO(3),EquiformerV2,0.09214488950081823
0.0,O(3),MACE,9.077038972312342e-07
0.0,SO(3),MACE,0.14143836374084154
0.0,O(3),NequIP,1.9352242001483924e-07
0.0,SO(3),NequIP,0.1440514319886764
0.001,O(3),Allegro,0.001034231410206606
0.001,SO(3),Allegro,0.2824755807717641
0.001,SO(3),EquiformerV2,0.0911704778245223
0.001,O(3),MACE,0.001900688201809923
0.001,SO(3),MACE,0.1414478694399198
0.001,O(3),NequIP,0.0010904042089047532
0.001,SO(3),NequIP,0.1440588477998972
0.0017492711874398425,O(3),Allegro,0.0018085728903921943
0.0017492711874398425,SO(3),Allegro,0.28247931599617004
0.0017492711874398425,SO(3),EquiformerV2,0.09138997364335955
0.0017492711874398425,O(3),MACE,0.003325589350424707
0.0017492711874398425,SO(3),MACE,0.1414668783545494
0.0017492711874398425,O(3),NequIP,0.0019075091695412993
0.0017492711874398425,SO(3),NequIP,0.14407384768128395
0.0030599496872071963,O(3),Allegro,0.0031631325061122575
0.0030599496872071963,SO(3),Allegro,0.2824912319580714
0.0030599496872071963,SO(3),EquiformerV2,0.09173343417880253
0.0030599496872071963,O(3),MACE,0.005814638376856844
0.0030599496872071963,SO(3),MACE,0.1415262222290039
0.0030599496872071963,O(3),NequIP,0.0033367543946951628
0.0030599496872071963,SO(3),NequIP,0.14411980658769608
0.005352681822847106,O(3),Allegro,0.00553358035782973
0.005352681822847106,SO(3),Allegro,0.28252757092316944
0.005352681822847106,SO(3),EquiformerV2,0.09273173668295354
0.005352681822847106,O(3),MACE,0.010174691832313934
0.005352681822847106,SO(3),MACE,0.14170638720194498
0.005352681822847106,O(3),NequIP,0.005836708005517721
0.005352681822847106,SO(3),NequIP,0.14425906663139662
0.009363292088239416,O(3),Allegro,0.009679917168493072
0.009363292088239416,SO(3),Allegro,0.2826387882232666
0.009363292088239416,SO(3),EquiformerV2,0.09459858410046305
0.009363292088239416,O(3),MACE,0.017800463518748682
0.009363292088239416,SO(3),MACE,0.1422558935980002
0.009363292088239416,O(3),NequIP,0.010210077899197737
0.009363292088239416,SO(3),NequIP,0.14467517534891763
0.016378937069540637,O(3),Allegro,0.016932169596354168
0.016378937069540637,SO(3),Allegro,0.2829786737759908
0.016378937069540637,SO(3),EquiformerV2,0.09852475771613027
0.016378937069540637,O(3),MACE,0.031134024262428284
0.016378937069540637,SO(3),MACE,0.14392014344533285
0.016378937069540637,O(3),NequIP,0.017859811894595623
0.016378937069540637,SO(3),NequIP,0.14586870186030865
0.028651202696637804,O(3),Allegro,0.02961554688711961
0.028651202696637804,SO(3),Allegro,0.28401464223861694
0.028651202696637804,SO(3),EquiformerV2,0.10975840490977391
0.028651202696637804,O(3),MACE,0.05445707216858864
0.028651202696637804,SO(3),MACE,0.14885705088575682
0.028651202696637804,O(3),NequIP,0.031240230426192284
0.028651202696637804,SO(3),NequIP,0.14902650316556296
0.05,O(3),Allegro,0.05166843657692274
0.05,SO(3),Allegro,0.28712989886601764
0.05,SO(3),EquiformerV2,0.13019873262731815
0.05,O(3),MACE,0.09500669563810031
0.05,SO(3),MACE,0.16272404789924622
0.05,O(3),NequIP,0.05450986325740814
0.05,SO(3),NequIP,0.15653176108996072
0.05011872336272722,O(3),Allegro,0.051791143914063774
0.05011872336272722,SO(3),Allegro,0.2871516098578771
0.05011872336272722,SO(3),EquiformerV2,0.13010266091233405
0.05011872336272722,O(3),MACE,0.09523342177271843
0.05011872336272722,SO(3),MACE,0.16281662260492644
0.05011872336272722,O(3),NequIP,0.05463947728276253
0.05011872336272722,SO(3),NequIP,0.15657862896720567
0.1,O(3),Allegro,0.10320381323496501
0.1,SO(3),Allegro,0.3004779169956843
0.1,SO(3),EquiformerV2,0.18929854074764815
0.1,O(3),MACE,0.18975927432378134
0.1,SO(3),MACE,0.21286232769489288
0.1,O(3),NequIP,0.10894615451494853
0.1,SO(3),NequIP,0.1797978679339091
0.15,O(3),Allegro,0.15447654947638512
0.15,SO(3),Allegro,0.3209921518961589
0.15,SO(3),EquiformerV2,0.24803037709108175
0.15,O(3),MACE,0.283994197845459
0.15,SO(3),MACE,0.27611106137434643
0.15,O(3),NequIP,0.16323440770308176
0.15,SO(3),NequIP,0.20839171608289084
0.2,O(3),Allegro,0.20536504685878754
0.2,SO(3),Allegro,0.34687380492687225
0.2,SO(3),EquiformerV2,0.3099306296324844
0.2,O(3),MACE,0.37746216853459674
0.2,SO(3),MACE,0.34521525104840595
0.2,O(3),NequIP,0.21730021138985953
0.2,SO(3),NequIP,0.24063800275325775
0.25,O(3),Allegro,0.2557532961169879
0.25,SO(3),Allegro,0.37647414207458496
0.25,SO(3),EquiformerV2,0.37107829483436666
0.25,O(3),MACE,0.46992521981398266
0.25,SO(3),MACE,0.417051300406456
0.25,O(3),NequIP,0.2710680862267812
0.25,SO(3),NequIP,0.27531678477923077
0.3,O(3),Allegro,0.3055419251322746
0.3,SO(3),Allegro,0.4084409773349762
0.3,SO(3),EquiformerV2,0.4389886435219108
0.3,O(3),MACE,0.5611437112092972
0.3,SO(3),MACE,0.49015431602795917
0.3,O(3),NequIP,0.32446156938870746
0.3,SO(3),NequIP,0.31151286760965985
0.35,O(3),Allegro,0.3546414126952489
0.35,SO(3),Allegro,0.4417111078898112
0.35,SO(3),EquiformerV2,0.506361148391678
0.35,O(3),MACE,0.6508910655975342
0.35,SO(3),MACE,0.5637436310450236
0.35,O(3),NequIP,0.37740276257197064
0.35,SO(3),NequIP,0.34855152169863385
0.39999999999999997,O(3),Allegro,0.40297936648130417
0.39999999999999997,SO(3),Allegro,0.4754609266916911
0.39999999999999997,SO(3),EquiformerV2,0.5770868088755639
0.39999999999999997,O(3),MACE,0.7389688789844513
0.39999999999999997,SO(3),MACE,0.6373615860939026
0.39999999999999997,O(3),NequIP,0.4298126896222432
0.39999999999999997,SO(3),NequIP,0.3859340449174245
0.44999999999999996,O(3),Allegro,0.45049625635147095
0.44999999999999996,SO(3),Allegro,0.5090560714403788
0.44999999999999996,SO(3),EquiformerV2,0.6457602876517478
0.44999999999999996,O(3),MACE,0.825167844692866
0.44999999999999996,SO(3),MACE,0.7107124725977579
0.44999999999999996,O(3),NequIP,0.4816107253233592
0.44999999999999996,SO(3),NequIP,0.42328516642252606
0.49999999999999994,O(3),Allegro,0.497148002187411
0.49999999999999994,SO(3),Allegro,0.5420057674249014
0.49999999999999994,SO(3),EquiformerV2,0.7189742831960428
0.49999999999999994,O(3),MACE,0.9093154668807983
0.49999999999999994,SO(3),MACE,0.7835913201173147
0.49999999999999994,O(3),NequIP,0.532714436451594
0.49999999999999994,SO(3),NequIP,0.4603138168652852
0.5499999999999999,O(3),Allegro,0.5429029216368993
0.5499999999999999,SO(3),Allegro,0.5739365617434183
0.5499999999999999,SO(3),EquiformerV2,0.7893233862059663
0.5499999999999999,O(3),MACE,0.9912500977516174
0.5499999999999999,SO(3),MACE,0.8558489580949148
0.5499999999999999,O(3),NequIP,0.5830400586128235
0.5499999999999999,SO(3),NequIP,0.49678751826286316
0.6,O(3),Allegro,0.5877428551514944
0.6,SO(3),Allegro,0.6045683125654856
0.6,SO(3),EquiformerV2,0.8617872998220099
0.6,O(3),MACE,1.0708293914794922
0.6,SO(3),MACE,0.9273695747057596
0.6,O(3),NequIP,0.6325020492076874
0.6,SO(3),NequIP,0.5325161417325338
0.65,O(3),Allegro,0.6316561698913574
0.65,SO(3),Allegro,0.6337016423543295
0.65,SO(3),EquiformerV2,0.9306960550295971
0.65,O(3),MACE,1.14792862534523
0.65,SO(3),MACE,0.9980684717496237
0.65,O(3),NequIP,0.6810135841369629
0.65,SO(3),NequIP,0.5673397183418274
0.7,O(3),Allegro,0.6746403723955154
0.7,SO(3),Allegro,0.6612054506937662
0.7,SO(3),EquiformerV2,1.0051869175412407
0.7,O(3),MACE,1.2224451303482056
0.7,SO(3),MACE,1.067871371905009
0.7,O(3),NequIP,0.7284862399101257
0.7,SO(3),NequIP,0.6011210878690084
0.75,O(3),Allegro,0.7166966299215952
0.75,SO(3),Allegro,0.6870112419128418
0.75,SO(3),EquiformerV2,1.0776574005798742
0.75,O(3),MACE,1.2942950526873271
0.75,SO(3),MACE,1.1367210348447163
0.75,O(3),NequIP,0.7748307983080546
0.75,SO(3),NequIP,0.6337417562802633
0.7999999999999999,O(3),Allegro,0.7578274110953013
0.7999999999999999,SO(3),Allegro,0.7111064791679382
0.7999999999999999,SO(3),EquiformerV2,1.1478644519648658
0.7999999999999999,O(3),MACE,1.3634251356124878
0.7999999999999999,SO(3),MACE,1.2045708696047466
0.7999999999999999,O(3),NequIP,0.8199571768442789
0.7999999999999999,SO(3),NequIP,0.6650973359743754
0.85,O(3),Allegro,0.7980344692866007
0.85,SO(3),Allegro,0.733529269695282
0.85,SO(3),EquiformerV2,1.2141775302178865
0.85,O(3),MACE,1.4297905166943867
0.85,SO(3),MACE,1.2713790535926819
0.85,O(3),NequIP,0.8637750148773193
0.85,SO(3),NequIP,0.6950970888137817
0.9,O(3),Allegro,0.8373138159513474
0.9,SO(3),Allegro,0.7543679674466451
0.9,SO(3),EquiformerV2,1.2793067804877458
0.9,O(3),MACE,1.4933766921361287
0.9,SO(3),MACE,1.3371116518974304
0.9,O(3),NequIP,0.9061939915021261
0.9,SO(3),NequIP,0.7236601312955221
0.95,O(3),Allegro,0.8756569623947144
0.95,SO(3),Allegro,0.7737529476483663
0.95,SO(3),EquiformerV2,1.3441791265078118
0.95,O(3),MACE,1.554185430208842
0.95,SO(3),MACE,1.4017361005147297
0.95,O(3),NequIP,0.9471242427825928
0.95,SO(3),NequIP,0.7507167061169943
1.0,O(3),Allegro,0.9130440851052603
1.0,SO(3),Allegro,0.7918563286463419
1.0,SO(3),EquiformerV2,1.4023327522483802
1.0,O(3),MACE,1.6122478445370991
1.0,SO(3),MACE,1.4652273257573445
1.0,O(3),NequIP,0.9864773352940878
1.0,SO(3),NequIP,0.7762059569358826
1.0499999999999998,O(3),Allegro,0.9494437823692957
1.0499999999999998,SO(3),Allegro,0.8088823358217875
1.0499999999999998,SO(3),EquiformerV2,1.456223075454026
1.0499999999999998,O(3),MACE,1.6676055788993835
1.0499999999999998,SO(3),MACE,1.527554949124654
1.0499999999999998,O(3),NequIP,1.0241660873095195
1.0499999999999998,SO(3),NequIP,0.8000761071840922
1.0999999999999999,O(3),Allegro,0.9848083506027857
1.0999999999999999,SO(3),Allegro,0.8250670035680135
1.0999999999999999,SO(3),EquiformerV2,1.5075915227050596
1.0999999999999999,O(3),MACE,1.7203258872032166
1.0999999999999999,SO(3),MACE,1.5886941353480022
1.0999999999999999,O(3),NequIP,1.0601062973340352
1.0999999999999999,SO(3),NequIP,0.8222849170366923
1.15,O(3),Allegro,1.0190740476051967
1.15,SO(3),Allegro,0.8406662344932556
1.15,SO(3),EquiformerV2,1.5556290147486678
1.15,O(3),MACE,1.770495613416036
1.15,SO(3),MACE,1.6486189762751262
1.15,O(3),NequIP,1.0942164659500122
1.15,SO(3),NequIP,0.8427977363268534
1.2,O(3),Allegro,1.0521566768487294
1.2,SO(3),Allegro,0.8559526999791464
1.2,SO(3),EquiformerV2,1.6056371365431188
1.2,O(3),MACE,1.8182164629300435
1.2,SO(3),MACE,1.707303563753764
1.2,O(3),NequIP,1.1264191071192424
1.2,SO(3),NequIP,0.8615896701812744
