tau,core,arm,false_flag_fraction,sd
0.0001,Allegro,O(3),0.028167,0.001528
0.0001,Allegro,SO(3),0.918167,0.001258
0.0001,EquiformerV2,SO(3),0.997000,0.000500
0.0001,MACE,O(3),0.028167,0.002466
0.0001,MACE,SO(3),0.917333,0.000289
0.0001,NequIP,O(3),0.024500,0.002291
0.0001,NequIP,SO(3),0.917833,0.000289
0.00014678,Allegro,O(3),0.025000,0.001000
0.00014678,Allegro,SO(3),0.917333,0.000577
0.00014678,EquiformerV2,SO(3),0.996500,0.000500
0.00014678,MACE,O(3),0.024333,0.002363
0.00014678,MACE,SO(3),0.916833,0.000289
0.00014678,NequIP,O(3),0.021167,0.001041
0.00014678,NequIP,SO(3),0.917500,0.000000
0.000215443,Allegro,O(3),0.019833,0.000764
0.000215443,Allegro,SO(3),0.916833,0.000764
0.000215443,EquiformerV2,SO(3),0.996333,0.000764
0.000215443,MACE,O(3),0.021833,0.001041
0.000215443,MACE,SO(3),0.916667,0.000289
0.000215443,NequIP,O(3),0.018667,0.001041
0.000215443,NequIP,SO(3),0.916500,0.000500
0.000316228,Allegro,O(3),0.017167,0.000764
0.000316228,Allegro,SO(3),0.916500,0.000500
0.000316228,EquiformerV2,SO(3),0.995667,0.001041
0.000316228,MACE,O(3),0.018333,0.001258
0.000316228,MACE,SO(3),0.916667,0.000289
0.000316228,NequIP,O(3),0.016000,0.000866
0.000316228,NequIP,SO(3),0.915667,0.000289
0.000464159,Allegro,O(3),0.013167,0.000764
0.000464159,Allegro,SO(3),0.916167,0.000289
0.000464159,EquiformerV2,SO(3),0.995167,0.000764
0.000464159,MACE,O(3),0.013667,0.001607
0.000464159,MACE,SO(3),0.916333,0.000289
0.000464159,NequIP,O(3),0.012167,0.000289
0.000464159,NequIP,SO(3),0.915667,0.000289
0.000681292,Allegro,O(3),0.009833,0.000289
0.000681292,Allegro,SO(3),0.916000,0.000500
0.000681292,EquiformerV2,SO(3),0.994000,0.001732
0.000681292,MACE,O(3),0.010333,0.001756
0.000681292,MACE,SO(3),0.915833,0.000289
0.000681292,NequIP,O(3),0.009167,0.001155
0.000681292,NequIP,SO(3),0.915000,0.000500
0.001,Allegro,O(3),0.007000,0.000500
0.001,Allegro,SO(3),0.915667,0.000764
0.001,EquiformerV2,SO(3),0.992333,0.002754
0.001,MACE,O(3),0.007333,0.001041
0.001,MACE,SO(3),0.915000,0.000500
0.001,NequIP,O(3),0.007500,0.000500
0.001,NequIP,SO(3),0.913833,0.000289
0.0014678,Allegro,O(3),0.004167,0.000577
0.0014678,Allegro,SO(3),0.915500,0.000500
0.0014678,EquiformerV2,SO(3),0.989000,0.004822
0.0014678,MACE,O(3),0.005500,0.000866
0.0014678,MACE,SO(3),0.914833,0.000764
0.0014678,NequIP,O(3),0.005167,0.001528
0.0014678,NequIP,SO(3),0.913000,0.000866
0.00215443,Allegro,O(3),0.003333,0.000577
0.00215443,Allegro,SO(3),0.914333,0.000577
0.00215443,EquiformerV2,SO(3),0.984833,0.004163
0.00215443,MACE,O(3),0.003167,0.000764
0.00215443,MACE,SO(3),0.914000,0.000500
0.00215443,NequIP,O(3),0.003333,0.001258
0.00215443,NequIP,SO(3),0.910667,0.000289
0.00316228,Allegro,O(3),0.001500,0.001000
0.00316228,Allegro,SO(3),0.914167,0.000289
0.00316228,EquiformerV2,SO(3),0.976667,0.004252
0.00316228,MACE,O(3),0.002333,0.000289
0.00316228,MACE,SO(3),0.913500,0.000500
0.00316228,NequIP,O(3),0.001500,0.000500
0.00316228,NequIP,SO(3),0.907500,0.000500
0.00464159,Allegro,O(3),0.000667,0.000764
0.00464159,Allegro,SO(3),0.913000,0.001000
0.00464159,EquiformerV2,SO(3),0.969833,0.004481
0.00464159,MACE,O(3),0.000667,0.000289
0.00464159,MACE,SO(3),0.912167,0.000764
0.00464159,NequIP,O(3),0.000667,0.000289
0.00464159,NequIP,SO(3),0.905000,0.001323
0.00681292,Allegro,O(3),0.000333,0.000577
0.00681292,Allegro,SO(3),0.910667,0.001893
0.00681292,EquiformerV2,SO(3),0.963833,0.004072
0.00681292,MACE,O(3),0.000333,0.000289
0.00681292,MACE,SO(3),0.910000,0.000500
0.00681292,NequIP,O(3),0.000333,0.000289
0.00681292,NequIP,SO(3),0.900000,0.001732
0.01,Allegro,O(3),0.000000,0.000000
0.01,Allegro,SO(3),0.909500,0.001500
0.01,EquiformerV2,SO(3),0.956333,0.005393
0.01,MACE,O(3),0.000333,0.000289
0.01,MACE,SO(3),0.907667,0.000764
0.01,NequIP,O(3),0.000167,0.000289
0.01,NequIP,SO(3),0.895333,0.000764
0.014678,Allegro,O(3),0.000000,0.000000
0.014678,Allegro,SO(3),0.906333,0.000764
0.014678,EquiformerV2,SO(3),0.946000,0.007000
0.014678,MACE,O(3),0.000167,0.000289
0.014678,MACE,SO(3),0.903833,0.001041
0.014678,NequIP,O(3),0.000000,0.000000
0.014678,NequIP,SO(3),0.889333,0.000764
0.0215443,Allegro,O(3),0.000000,0.000000
0.0215443,Allegro,SO(3),0.900500,0.002291
0.0215443,EquiformerV2,SO(3),0.933333,0.010693
0.0215443,MACE,O(3),0.000000,0.000000
0.0215443,MACE,SO(3),0.898667,0.001155
0.0215443,NequIP,O(3),0.000000,0.000000
0.0215443,NequIP,SO(3),0.882833,0.002021
0.0316228,Allegro,O(3),0.000000,0.000000
0.0316228,Allegro,SO(3),0.894333,0.004752
0.0316228,EquiformerV2,SO(3),0.917667,0.012662
0.0316228,MACE,O(3),0.000000,0.000000
0.0316228,MACE,SO(3),0.893167,0.004193
0.0316228,NequIP,O(3),0.000000,0.000000
0.0316228,NequIP,SO(3),0.873333,0.003055
0.0464159,Allegro,O(3),0.000000,0.000000
0.0464159,Allegro,SO(3),0.886000,0.005679
0.0464159,EquiformerV2,SO(3),0.892500,0.023060
0.0464159,MACE,O(3),0.000000,0.000000
0.0464159,MACE,SO(3),0.883833,0.004252
0.0464159,NequIP,O(3),0.000000,0.000000
0.0464159,NequIP,SO(3),0.859167,0.002082
0.0681292,Allegro,O(3),0.000000,0.000000
0.0681292,Allegro,SO(3),0.872833,0.012014
0.0681292,EquiformerV2,SO(3),0.863000,0.030377
0.0681292,MACE,O(3),0.000000,0.000000
0.0681292,MACE,SO(3),0.872000,0.000500
0.0681292,NequIP,O(3),0.000000,0.000000
0.0681292,NequIP,SO(3),0.841333,0.003512
0.1,Allegro,O(3),0.000000,0.000000
0.1,Allegro,SO(3),0.855667,0.011015
0.1,EquiformerV2,SO(3),0.824000,0.039633
0.1,MACE,O(3),0.000000,0.000000
0.1,MACE,SO(3),0.855500,0.001000
0.1,NequIP,O(3),0.000000,0.000000
0.1,NequIP,SO(3),0.818000,0.004822
0.14678,Allegro,O(3),0.000000,0.000000
0.14678,Allegro,SO(3),0.828333,0.015177
0.14678,EquiformerV2,SO(3),0.772500,0.042729
0.14678,MACE,O(3),0.000000,0.000000
0.14678,MACE,SO(3),0.832500,0.003279
0.14678,NequIP,O(3),0.000000,0.000000
0.14678,NequIP,SO(3),0.785500,0.008675
0.215443,Allegro,O(3),0.000000,0.000000
0.215443,Allegro,SO(3),0.796667,0.018009
0.215443,EquiformerV2,SO(3),0.710833,0.049245
0.215443,MACE,O(3),0.000000,0.000000
0.215443,MACE,SO(3),0.797333,0.006171
0.215443,NequIP,O(3),0.000000,0.000000
0.215443,NequIP,SO(3),0.739833,0.012493
0.316228,Allegro,O(3),0.000000,0.000000
0.316228,Allegro,SO(3),0.749167,0.029412
0.316228,EquiformerV2,SO(3),0.611167,0.064812
0.316228,MACE,O(3),0.000000,0.000000
0.316228,MACE,SO(3),0.754333,0.008129
0.316228,NequIP,O(3),0.000000,0.000000
0.316228,NequIP,SO(3),0.682833,0.013512
0.464159,Allegro,O(3),0.000000,0.000000
0.464159,Allegro,SO(3),0.688333,0.030718
0.464159,EquiformerV2,SO(3),0.482833,0.064012
0.464159,MACE,O(3),0.000000,0.000000
0.464159,MACE,SO(3),0.689667,0.010017
0.464159,NequIP,O(3),0.000000,0.000000
0.464159,NequIP,SO(3),0.604167,0.021197
0.681292,Allegro,O(3),0.000000,0.000000
0.681292,Allegro,SO(3),0.604500,0.038311
0.681292,EquiformerV2,SO(3),0.353167,0.050163
0.681292,MACE,O(3),0.000000,0.000000
0.681292,MACE,SO(3),0.602167,0.016646
0.681292,NequIP,O(3),0.000000,0.000000
0.681292,NequIP,SO(3),0.495000,0.027753
1,Allegro,O(3),0.000000,0.000000
1,Allegro,SO(3),0.483333,0.043337
1,EquiformerV2,SO(3),0.222500,0.026754
1,MACE,O(3),0.000000,0.000000
1,MACE,SO(3),0.470167,0.025867
1,NequIP,O(3),0.000000,0.000000
1,NequIP,SO(3),0.357000,0.042128
