epoch,core,seed,false_flag
1,allegro,0,0.9045
2,allegro,0,0.8975
3,allegro,0,0.895
4,allegro,0,0.894
5,allegro,0,0.892
6,allegro,0,0.891
7,allegro,0,0.888
8,allegro,0,0.8855
9,allegro,0,0.882
10,allegro,0,0.8795
11,allegro,0,0.878
12,allegro,0,0.8775
13,allegro,0,0.8765
14,allegro,0,0.8745
15,allegro,0,0.873
16,allegro,0,0.872
17,allegro,0,0.872
18,allegro,0,0.8725
19,allegro,0,0.873
20,allegro,0,0.873
21,allegro,0,0.873
22,allegro,0,0.8755
23,allegro,0,0.878
24,allegro,0,0.878
25,allegro,0,0.88
26,allegro,0,0.8785
27,allegro,0,0.881
28,allegro,0,0.88
29,allegro,0,0.8805
30,allegro,0,0.879
31,allegro,0,0.8835
32,allegro,0,0.884
33,allegro,0,0.8825
34,allegro,0,0.8825
35,allegro,0,0.8845
36,allegro,0,0.887
37,allegro,0,0.887
38,allegro,0,0.884
39,allegro,0,0.8885
40,allegro,0,0.8895
41,allegro,0,0.891
42,allegro,0,0.8845
43,allegro,0,0.8935
44,allegro,0,0.8915
45,allegro,0,0.8945
46,allegro,0,0.8885
47,allegro,0,0.895
48,allegro,0,0.897
49,allegro,0,0.896
50,allegro,0,0.8965
51,allegro,0,0.8955
52,allegro,0,0.894
53,allegro,0,0.896
54,allegro,0,0.8995
55,allegro,0,0.8995
56,allegro,0,0.8955
57,allegro,0,0.903
58,allegro,0,0.9035
59,allegro,0,0.9015
60,allegro,0,0.9025
61,allegro,0,0.9005
62,allegro,0,0.903
63,allegro,0,0.8985
64,allegro,0,0.9015
65,allegro,0,0.9015
66,allegro,0,0.9035
67,allegro,0,0.904
68,allegro,0,0.904
69,allegro,0,0.901
70,allegro,0,0.901
71,allegro,0,0.902
72,allegro,0,0.9035
73,allegro,0,0.9035
74,allegro,0,0.9015
75,allegro,0,0.905
76,allegro,0,0.903
77,allegro,0,0.902
78,allegro,0,0.9045
79,allegro,0,0.906
80,allegro,0,0.9035
81,allegro,0,0.904
82,allegro,0,0.9045
83,allegro,0,0.9035
84,allegro,0,0.903
85,allegro,0,0.9
86,allegro,0,0.9015
87,allegro,0,0.9
88,allegro,0,0.9045
89,allegro,0,0.9045
90,allegro,0,0.903
91,allegro,0,0.901
92,allegro,0,0.9055
93,allegro,0,0.903
94,allegro,0,0.9055
95,allegro,0,0.9045
96,allegro,0,0.904
97,allegro,0,0.9045
98,allegro,0,0.9065
99,allegro,0,0.9025
100,allegro,0,0.9065
101,allegro,0,0.906
102,allegro,0,0.907
103,allegro,0,0.908
104,allegro,0,0.9055
105,allegro,0,0.907
106,allegro,0,0.9065
107,allegro,0,0.9065
108,allegro,0,0.9055
109,allegro,0,0.9045
110,allegro,0,0.909
111,allegro,0,0.9075
112,allegro,0,0.9065
113,allegro,0,0.9065
114,allegro,0,0.9065
115,allegro,0,0.909
116,allegro,0,0.909
117,allegro,0,0.9085
118,allegro,0,0.908
119,allegro,0,0.9075
120,allegro,0,0.906
121,allegro,0,0.9065
122,allegro,0,0.9095
123,allegro,0,0.9075
124,allegro,0,0.9095
125,allegro,0,0.9095
126,allegro,0,0.9075
127,allegro,0,0.9085
128,allegro,0,0.9085
129,allegro,0,0.9065
130,allegro,0,0.91
131,allegro,0,0.91
132,allegro,0,0.9095
133,allegro,0,0.9065
134,allegro,0,0.9085
135,allegro,0,0.908
136,allegro,0,0.9105
137,allegro,0,0.9085
138,allegro,0,0.9095
139,allegro,0,0.909
140,allegro,0,0.9085
141,allegro,0,0.9095
142,allegro,0,0.909
143,allegro,0,0.9095
144,allegro,0,0.909
145,allegro,0,0.9105
146,allegro,0,0.9075
147,allegro,0,0.909
148,allegro,0,0.909
149,allegro,0,0.9105
150,allegro,0,0.9095
1,allegro,1,0.897
2,allegro,1,0.8935
3,allegro,1,0.8885
4,allegro,1,0.884
5,allegro,1,0.882
6,allegro,1,0.879
7,allegro,1,0.874
8,allegro,1,0.8695
9,allegro,1,0.8665
10,allegro,1,0.8615
11,allegro,1,0.86
12,allegro,1,0.86
13,allegro,1,0.858
14,allegro,1,0.8625
15,allegro,1,0.8635
16,allegro,1,0.866
17,allegro,1,0.868
18,allegro,1,0.877
19,allegro,1,0.8765
20,allegro,1,0.8815
21,allegro,1,0.8835
22,allegro,1,0.8835
23,allegro,1,0.885
24,allegro,1,0.8865
25,allegro,1,0.887
26,allegro,1,0.8885
27,allegro,1,0.8935
28,allegro,1,0.888
29,allegro,1,0.8885
30,allegro,1,0.8915
31,allegro,1,0.889
32,allegro,1,0.886
33,allegro,1,0.892
34,allegro,1,0.8925
35,allegro,1,0.8915
36,allegro,1,0.895
37,allegro,1,0.8965
38,allegro,1,0.8905
39,allegro,1,0.8965
40,allegro,1,0.8945
41,allegro,1,0.897
42,allegro,1,0.8915
43,allegro,1,0.8995
44,allegro,1,0.8955
45,allegro,1,0.897
46,allegro,1,0.897
47,allegro,1,0.8955
48,allegro,1,0.8985
49,allegro,1,0.8985
50,allegro,1,0.897
51,allegro,1,0.8955
52,allegro,1,0.9015
53,allegro,1,0.9
54,allegro,1,0.902
55,allegro,1,0.903
56,allegro,1,0.9
57,allegro,1,0.903
58,allegro,1,0.901
59,allegro,1,0.9035
60,allegro,1,0.904
61,allegro,1,0.901
62,allegro,1,0.903
63,allegro,1,0.9065
64,allegro,1,0.9035
65,allegro,1,0.9045
66,allegro,1,0.903
67,allegro,1,0.903
68,allegro,1,0.9065
69,allegro,1,0.902
70,allegro,1,0.9045
71,allegro,1,0.9025
72,allegro,1,0.9075
73,allegro,1,0.9045
74,allegro,1,0.9055
75,allegro,1,0.9055
76,allegro,1,0.9065
77,allegro,1,0.908
78,allegro,1,0.909
79,allegro,1,0.907
80,allegro,1,0.9085
81,allegro,1,0.9065
82,allegro,1,0.907
83,allegro,1,0.9085
84,allegro,1,0.9075
85,allegro,1,0.907
86,allegro,1,0.909
87,allegro,1,0.909
88,allegro,1,0.906
89,allegro,1,0.9075
90,allegro,1,0.907
91,allegro,1,0.9075
92,allegro,1,0.9075
93,allegro,1,0.907
94,allegro,1,0.908
95,allegro,1,0.9075
96,allegro,1,0.908
97,allegro,1,0.9075
98,allegro,1,0.9065
99,allegro,1,0.9075
100,allegro,1,0.907
101,allegro,1,0.909
102,allegro,1,0.9095
103,allegro,1,0.908
104,allegro,1,0.909
105,allegro,1,0.9055
106,allegro,1,0.9075
107,allegro,1,0.9085
108,allegro,1,0.908
109,allegro,1,0.906
110,allegro,1,0.9075
111,allegro,1,0.9085
112,allegro,1,0.908
113,allegro,1,0.9095
114,allegro,1,0.909
115,allegro,1,0.9085
116,allegro,1,0.9095
117,allegro,1,0.908
118,allegro,1,0.907
119,allegro,1,0.908
120,allegro,1,0.9075
121,allegro,1,0.908
122,allegro,1,0.9085
123,allegro,1,0.9085
124,allegro,1,0.908
125,allegro,1,0.9105
126,allegro,1,0.91
127,allegro,1,0.907
128,allegro,1,0.908
129,allegro,1,0.909
130,allegro,1,0.9065
131,allegro,1,0.9085
132,allegro,1,0.9075
133,allegro,1,0.908
134,allegro,1,0.9085
135,allegro,1,0.9105
136,allegro,1,0.9075
137,allegro,1,0.9105
138,allegro,1,0.9075
139,allegro,1,0.91
140,allegro,1,0.9075
141,allegro,1,0.9085
142,allegro,1,0.9115
143,allegro,1,0.909
144,allegro,1,0.907
145,allegro,1,0.9095
146,allegro,1,0.9085
147,allegro,1,0.91
148,allegro,1,0.911
149,allegro,1,0.9105
150,allegro,1,0.908
1,allegro,2,0.8835
2,allegro,2,0.872
3,allegro,2,0.8655
4,allegro,2,0.8625
5,allegro,2,0.8565
6,allegro,2,0.85
7,allegro,2,0.8455
8,allegro,2,0.842
9,allegro,2,0.835
10,allegro,2,0.8335
11,allegro,2,0.8335
12,allegro,2,0.8325
13,allegro,2,0.8355
14,allegro,2,0.838
15,allegro,2,0.8415
16,allegro,2,0.8485
17,allegro,2,0.8475
18,allegro,2,0.86
19,allegro,2,0.862
20,allegro,2,0.862
21,allegro,2,0.864
22,allegro,2,0.8725
23,allegro,2,0.8775
24,allegro,2,0.872
25,allegro,2,0.8745
26,allegro,2,0.868
27,allegro,2,0.8845
28,allegro,2,0.8765
29,allegro,2,0.875
30,allegro,2,0.878
31,allegro,2,0.8835
32,allegro,2,0.878
33,allegro,2,0.8805
34,allegro,2,0.888
35,allegro,2,0.8805
36,allegro,2,0.8875
37,allegro,2,0.8875
38,allegro,2,0.888
39,allegro,2,0.89
40,allegro,2,0.886
41,allegro,2,0.8935
42,allegro,2,0.888
43,allegro,2,0.8915
44,allegro,2,0.8895
45,allegro,2,0.892
46,allegro,2,0.892
47,allegro,2,0.893
48,allegro,2,0.8915
49,allegro,2,0.8905
50,allegro,2,0.892
51,allegro,2,0.8915
52,allegro,2,0.8935
53,allegro,2,0.895
54,allegro,2,0.8955
55,allegro,2,0.9005
56,allegro,2,0.894
57,allegro,2,0.9005
58,allegro,2,0.902
59,allegro,2,0.9
60,allegro,2,0.9015
61,allegro,2,0.8985
62,allegro,2,0.9
63,allegro,2,0.9035
64,allegro,2,0.901
65,allegro,2,0.902
66,allegro,2,0.901
67,allegro,2,0.9015
68,allegro,2,0.9005
69,allegro,2,0.9015
70,allegro,2,0.902
71,allegro,2,0.901
72,allegro,2,0.903
73,allegro,2,0.902
74,allegro,2,0.9015
75,allegro,2,0.9015
76,allegro,2,0.902
77,allegro,2,0.902
78,allegro,2,0.9
79,allegro,2,0.9045
80,allegro,2,0.8995
81,allegro,2,0.9
82,allegro,2,0.9005
83,allegro,2,0.9025
84,allegro,2,0.9055
85,allegro,2,0.903
86,allegro,2,0.903
87,allegro,2,0.9045
88,allegro,2,0.9035
89,allegro,2,0.903
90,allegro,2,0.902
91,allegro,2,0.9025
92,allegro,2,0.904
93,allegro,2,0.9045
94,allegro,2,0.9045
95,allegro,2,0.905
96,allegro,2,0.904
97,allegro,2,0.9045
98,allegro,2,0.906
99,allegro,2,0.9035
100,allegro,2,0.906
101,allegro,2,0.9065
102,allegro,2,0.9045
103,allegro,2,0.905
104,allegro,2,0.904
105,allegro,2,0.904
106,allegro,2,0.906
107,allegro,2,0.908
108,allegro,2,0.907
109,allegro,2,0.906
110,allegro,2,0.907
111,allegro,2,0.907
112,allegro,2,0.9085
113,allegro,2,0.9065
114,allegro,2,0.906
115,allegro,2,0.9045
116,allegro,2,0.9075
117,allegro,2,0.909
118,allegro,2,0.906
119,allegro,2,0.9055
120,allegro,2,0.906
121,allegro,2,0.906
122,allegro,2,0.9065
123,allegro,2,0.906
124,allegro,2,0.9075
125,allegro,2,0.908
126,allegro,2,0.9075
127,allegro,2,0.9085
128,allegro,2,0.9065
129,allegro,2,0.908
130,allegro,2,0.9065
131,allegro,2,0.909
132,allegro,2,0.9075
133,allegro,2,0.906
134,allegro,2,0.91
135,allegro,2,0.907
136,allegro,2,0.907
137,allegro,2,0.905
138,allegro,2,0.9055
139,allegro,2,0.907
140,allegro,2,0.907
141,allegro,2,0.908
142,allegro,2,0.909
143,allegro,2,0.91
144,allegro,2,0.907
145,allegro,2,0.9095
146,allegro,2,0.9065
147,allegro,2,0.909
148,allegro,2,0.9075
149,allegro,2,0.9095
150,allegro,2,0.9075
1,equiformer_v2,0,0.8225
2,equiformer_v2,0,0.762
3,equiformer_v2,0,0.779
4,equiformer_v2,0,0.8205
5,equiformer_v2,0,0.819
6,equiformer_v2,0,0.8315
7,equiformer_v2,0,0.82
8,equiformer_v2,0,0.7765
9,equiformer_v2,0,0.7565
10,equiformer_v2,0,0.3415
11,equiformer_v2,0,0.4755
12,equiformer_v2,0,0.7675
13,equiformer_v2,0,0.612
14,equiformer_v2,0,0.6315
15,equiformer_v2,0,0.829
16,equiformer_v2,0,0.4255
17,equiformer_v2,0,0.676
18,equiformer_v2,0,0.633
19,equiformer_v2,0,0.8465
20,equiformer_v2,0,0.6695
21,equiformer_v2,0,0.8185
22,equiformer_v2,0,0.8175
23,equiformer_v2,0,0.8475
24,equiformer_v2,0,0.839
25,equiformer_v2,0,0.842
26,equiformer_v2,0,0.8485
27,equiformer_v2,0,0.8775
28,equiformer_v2,0,0.8835
29,equiformer_v2,0,0.8755
30,equiformer_v2,0,0.888
31,equiformer_v2,0,0.8475
32,equiformer_v2,0,0.864
33,equiformer_v2,0,0.855
34,equiformer_v2,0,0.859
35,equiformer_v2,0,0.888
36,equiformer_v2,0,0.8815
37,equiformer_v2,0,0.871
38,equiformer_v2,0,0.8905
39,equiformer_v2,0,0.8875
40,equiformer_v2,0,0.904
41,equiformer_v2,0,0.9065
42,equiformer_v2,0,0.913
43,equiformer_v2,0,0.865
44,equiformer_v2,0,0.8405
45,equiformer_v2,0,0.8275
46,equiformer_v2,0,0.826
47,equiformer_v2,0,0.8575
48,equiformer_v2,0,0.8685
49,equiformer_v2,0,0.857
50,equiformer_v2,0,0.876
51,equiformer_v2,0,0.877
52,equiformer_v2,0,0.884
53,equiformer_v2,0,0.885
54,equiformer_v2,0,0.889
55,equiformer_v2,0,0.8935
56,equiformer_v2,0,0.903
57,equiformer_v2,0,0.8835
58,equiformer_v2,0,0.8535
59,equiformer_v2,0,0.858
60,equiformer_v2,0,0.8785
61,equiformer_v2,0,0.883
62,equiformer_v2,0,0.8895
63,equiformer_v2,0,0.8905
64,equiformer_v2,0,0.9
65,equiformer_v2,0,0.9025
66,equiformer_v2,0,0.902
67,equiformer_v2,0,0.9015
68,equiformer_v2,0,0.899
69,equiformer_v2,0,0.897
70,equiformer_v2,0,0.899
71,equiformer_v2,0,0.9035
72,equiformer_v2,0,0.922
73,equiformer_v2,0,0.9025
74,equiformer_v2,0,0.9005
75,equiformer_v2,0,0.9025
76,equiformer_v2,0,0.9215
77,equiformer_v2,0,0.9105
78,equiformer_v2,0,0.917
79,equiformer_v2,0,0.915
80,equiformer_v2,0,0.913
81,equiformer_v2,0,0.9215
82,equiformer_v2,0,0.9235
83,equiformer_v2,0,0.9235
84,equiformer_v2,0,0.9225
85,equiformer_v2,0,0.904
86,equiformer_v2,0,0.921
87,equiformer_v2,0,0.9245
88,equiformer_v2,0,0.926
89,equiformer_v2,0,0.927
90,equiformer_v2,0,0.931
91,equiformer_v2,0,0.924
92,equiformer_v2,0,0.9245
93,equiformer_v2,0,0.9285
94,equiformer_v2,0,0.92
95,equiformer_v2,0,0.9325
96,equiformer_v2,0,0.933
97,equiformer_v2,0,0.9285
98,equiformer_v2,0,0.935
99,equiformer_v2,0,0.9325
100,equiformer_v2,0,0.943
101,equiformer_v2,0,0.9345
102,equiformer_v2,0,0.9425
103,equiformer_v2,0,0.928
104,equiformer_v2,0,0.9455
105,equiformer_v2,0,0.9405
106,equiformer_v2,0,0.9415
107,equiformer_v2,0,0.945
108,equiformer_v2,0,0.9365
109,equiformer_v2,0,0.946
110,equiformer_v2,0,0.944
111,equiformer_v2,0,0.954
112,equiformer_v2,0,0.951
113,equiformer_v2,0,0.9495
114,equiformer_v2,0,0.9535
115,equiformer_v2,0,0.947
116,equiformer_v2,0,0.946
117,equiformer_v2,0,0.9575
118,equiformer_v2,0,0.9545
119,equiformer_v2,0,0.953
120,equiformer_v2,0,0.9565
121,equiformer_v2,0,0.957
122,equiformer_v2,0,0.9555
123,equiformer_v2,0,0.9565
124,equiformer_v2,0,0.956
125,equiformer_v2,0,0.966
126,equiformer_v2,0,0.95
127,equiformer_v2,0,0.954
128,equiformer_v2,0,0.9585
129,equiformer_v2,0,0.959
130,equiformer_v2,0,0.9605
131,equiformer_v2,0,0.958
132,equiformer_v2,0,0.961
133,equiformer_v2,0,0.962
134,equiformer_v2,0,0.954
135,equiformer_v2,0,0.955
136,equiformer_v2,0,0.96
137,equiformer_v2,0,0.9555
138,equiformer_v2,0,0.9555
139,equiformer_v2,0,0.9545
140,equiformer_v2,0,0.958
141,equiformer_v2,0,0.952
142,equiformer_v2,0,0.965
143,equiformer_v2,0,0.9595
144,equiformer_v2,0,0.959
145,equiformer_v2,0,0.957
146,equiformer_v2,0,0.9595
147,equiformer_v2,0,0.9605
148,equiformer_v2,0,0.96
149,equiformer_v2,0,0.9605
150,equiformer_v2,0,0.9595
1,equiformer_v2,1,0.7785
2,equiformer_v2,1,0.8255
3,equiformer_v2,1,0.86
4,equiformer_v2,1,0.758
5,equiformer_v2,1,0.7755
6,equiformer_v2,1,0.7995
7,equiformer_v2,1,0.719
8,equiformer_v2,1,0.7465
9,equiformer_v2,1,0.8015
10,equiformer_v2,1,0.7265
11,equiformer_v2,1,0.8665
12,equiformer_v2,1,0.7715
13,equiformer_v2,1,0.8545
14,equiformer_v2,1,0.843
15,equiformer_v2,1,0.868
16,equiformer_v2,1,0.85
17,equiformer_v2,1,0.86
18,equiformer_v2,1,0.843
19,equiformer_v2,1,0.8805
20,equiformer_v2,1,0.8925
21,equiformer_v2,1,0.832
22,equiformer_v2,1,0.8985
23,equiformer_v2,1,0.8895
24,equiformer_v2,1,0.8735
25,equiformer_v2,1,0.871
26,equiformer_v2,1,0.883
27,equiformer_v2,1,0.8905
28,equiformer_v2,1,0.776
29,equiformer_v2,1,0.8375
30,equiformer_v2,1,0.877
31,equiformer_v2,1,0.8895
32,equiformer_v2,1,0.917
33,equiformer_v2,1,0.897
34,equiformer_v2,1,0.9055
35,equiformer_v2,1,0.9115
36,equiformer_v2,1,0.915
37,equiformer_v2,1,0.9015
38,equiformer_v2,1,0.913
39,equiformer_v2,1,0.922
40,equiformer_v2,1,0.9265
41,equiformer_v2,1,0.9295
42,equiformer_v2,1,0.931
43,equiformer_v2,1,0.93
44,equiformer_v2,1,0.928
45,equiformer_v2,1,0.9285
46,equiformer_v2,1,0.937
47,equiformer_v2,1,0.9345
48,equiformer_v2,1,0.9345
49,equiformer_v2,1,0.941
50,equiformer_v2,1,0.936
51,equiformer_v2,1,0.9365
52,equiformer_v2,1,0.9295
53,equiformer_v2,1,0.9265
54,equiformer_v2,1,0.9335
55,equiformer_v2,1,0.9295
56,equiformer_v2,1,0.9355
57,equiformer_v2,1,0.931
58,equiformer_v2,1,0.936
59,equiformer_v2,1,0.9305
60,equiformer_v2,1,0.9375
61,equiformer_v2,1,0.9285
62,equiformer_v2,1,0.9365
63,equiformer_v2,1,0.9385
64,equiformer_v2,1,0.9335
65,equiformer_v2,1,0.939
66,equiformer_v2,1,0.9375
67,equiformer_v2,1,0.9465
68,equiformer_v2,1,0.9415
69,equiformer_v2,1,0.934
70,equiformer_v2,1,0.938
71,equiformer_v2,1,0.934
72,equiformer_v2,1,0.9335
73,equiformer_v2,1,0.9435
74,equiformer_v2,1,0.9405
75,equiformer_v2,1,0.942
76,equiformer_v2,1,0.9405
77,equiformer_v2,1,0.942
78,equiformer_v2,1,0.9465
79,equiformer_v2,1,0.9455
80,equiformer_v2,1,0.946
81,equiformer_v2,1,0.9485
82,equiformer_v2,1,0.9485
83,equiformer_v2,1,0.948
84,equiformer_v2,1,0.9445
85,equiformer_v2,1,0.9485
86,equiformer_v2,1,0.9465
87,equiformer_v2,1,0.9445
88,equiformer_v2,1,0.945
89,equiformer_v2,1,0.949
90,equiformer_v2,1,0.948
91,equiformer_v2,1,0.9495
92,equiformer_v2,1,0.9505
93,equiformer_v2,1,0.9495
94,equiformer_v2,1,0.948
95,equiformer_v2,1,0.9475
96,equiformer_v2,1,0.9505
97,equiformer_v2,1,0.945
98,equiformer_v2,1,0.9465
99,equiformer_v2,1,0.949
100,equiformer_v2,1,0.951
101,equiformer_v2,1,0.949
102,equiformer_v2,1,0.9435
103,equiformer_v2,1,0.946
104,equiformer_v2,1,0.9475
105,equiformer_v2,1,0.948
106,equiformer_v2,1,0.948
107,equiformer_v2,1,0.951
108,equiformer_v2,1,0.9475
109,equiformer_v2,1,0.948
110,equiformer_v2,1,0.945
111,equiformer_v2,1,0.948
112,equiformer_v2,1,0.95
113,equiformer_v2,1,0.946
114,equiformer_v2,1,0.9445
115,equiformer_v2,1,0.9475
116,equiformer_v2,1,0.947
117,equiformer_v2,1,0.9475
118,equiformer_v2,1,0.9495
119,equiformer_v2,1,0.9515
120,equiformer_v2,1,0.9495
121,equiformer_v2,1,0.9535
122,equiformer_v2,1,0.9515
123,equiformer_v2,1,0.9485
124,equiformer_v2,1,0.947
125,equiformer_v2,1,0.9545
126,equiformer_v2,1,0.952
127,equiformer_v2,1,0.9465
128,equiformer_v2,1,0.9435
129,equiformer_v2,1,0.944
130,equiformer_v2,1,0.944
131,equiformer_v2,1,0.9455
132,equiformer_v2,1,0.9435
133,equiformer_v2,1,0.9475
134,equiformer_v2,1,0.946
135,equiformer_v2,1,0.9525
136,equiformer_v2,1,0.946
137,equiformer_v2,1,0.947
138,equiformer_v2,1,0.946
139,equiformer_v2,1,0.9435
140,equiformer_v2,1,0.952
141,equiformer_v2,1,0.9505
142,equiformer_v2,1,0.9485
143,equiformer_v2,1,0.9495
144,equiformer_v2,1,0.95
145,equiformer_v2,1,0.949
146,equiformer_v2,1,0.951
147,equiformer_v2,1,0.9485
148,equiformer_v2,1,0.9505
149,equiformer_v2,1,0.951
150,equiformer_v2,1,0.9485
1,equiformer_v2,2,0.8095
2,equiformer_v2,2,0.827
3,equiformer_v2,2,0.6
4,equiformer_v2,2,0.734
5,equiformer_v2,2,0.8005
6,equiformer_v2,2,0.7555
7,equiformer_v2,2,0.822
8,equiformer_v2,2,0.867
9,equiformer_v2,2,0.608
10,equiformer_v2,2,0.7845
11,equiformer_v2,2,0.7095
12,equiformer_v2,2,0.6905
13,equiformer_v2,2,0.548
14,equiformer_v2,2,0.755
15,equiformer_v2,2,0.7345
16,equiformer_v2,2,0.751
17,equiformer_v2,2,0.574
18,equiformer_v2,2,0.831
19,equiformer_v2,2,0.663
20,equiformer_v2,2,0.7785
21,equiformer_v2,2,0.6825
22,equiformer_v2,2,0.826
23,equiformer_v2,2,0.879
24,equiformer_v2,2,0.7075
25,equiformer_v2,2,0.589
26,equiformer_v2,2,0.875
27,equiformer_v2,2,0.7785
28,equiformer_v2,2,0.8755
29,equiformer_v2,2,0.635
30,equiformer_v2,2,0.7015
31,equiformer_v2,2,0.8285
32,equiformer_v2,2,0.812
33,equiformer_v2,2,0.858
34,equiformer_v2,2,0.868
35,equiformer_v2,2,0.8765
36,equiformer_v2,2,0.8765
37,equiformer_v2,2,0.8165
38,equiformer_v2,2,0.849
39,equiformer_v2,2,0.8355
40,equiformer_v2,2,0.8495
41,equiformer_v2,2,0.871
42,equiformer_v2,2,0.8355
43,equiformer_v2,2,0.8595
44,equiformer_v2,2,0.86
45,equiformer_v2,2,0.865
46,equiformer_v2,2,0.894
47,equiformer_v2,2,0.9005
48,equiformer_v2,2,0.9005
49,equiformer_v2,2,0.901
50,equiformer_v2,2,0.908
51,equiformer_v2,2,0.9185
52,equiformer_v2,2,0.9265
53,equiformer_v2,2,0.903
54,equiformer_v2,2,0.923
55,equiformer_v2,2,0.934
56,equiformer_v2,2,0.94
57,equiformer_v2,2,0.944
58,equiformer_v2,2,0.956
59,equiformer_v2,2,0.956
60,equiformer_v2,2,0.9615
61,equiformer_v2,2,0.9565
62,equiformer_v2,2,0.963
63,equiformer_v2,2,0.9555
64,equiformer_v2,2,0.901
65,equiformer_v2,2,0.924
66,equiformer_v2,2,0.941
67,equiformer_v2,2,0.9485
68,equiformer_v2,2,0.943
69,equiformer_v2,2,0.9405
70,equiformer_v2,2,0.962
71,equiformer_v2,2,0.966
72,equiformer_v2,2,0.9605
73,equiformer_v2,2,0.9525
74,equiformer_v2,2,0.9555
75,equiformer_v2,2,0.945
76,equiformer_v2,2,0.95
77,equiformer_v2,2,0.9545
78,equiformer_v2,2,0.952
79,equiformer_v2,2,0.9545
80,equiformer_v2,2,0.958
81,equiformer_v2,2,0.9555
82,equiformer_v2,2,0.955
83,equiformer_v2,2,0.9525
84,equiformer_v2,2,0.9545
85,equiformer_v2,2,0.956
86,equiformer_v2,2,0.9585
87,equiformer_v2,2,0.9585
88,equiformer_v2,2,0.953
89,equiformer_v2,2,0.956
90,equiformer_v2,2,0.953
91,equiformer_v2,2,0.955
92,equiformer_v2,2,0.9565
93,equiformer_v2,2,0.958
94,equiformer_v2,2,0.9545
95,equiformer_v2,2,0.959
96,equiformer_v2,2,0.9625
97,equiformer_v2,2,0.9595
98,equiformer_v2,2,0.953
99,equiformer_v2,2,0.955
100,equiformer_v2,2,0.958
101,equiformer_v2,2,0.957
102,equiformer_v2,2,0.9565
103,equiformer_v2,2,0.951
104,equiformer_v2,2,0.955
105,equiformer_v2,2,0.958
106,equiformer_v2,2,0.9555
107,equiformer_v2,2,0.9565
108,equiformer_v2,2,0.956
109,equiformer_v2,2,0.9565
110,equiformer_v2,2,0.9565
111,equiformer_v2,2,0.958
112,equiformer_v2,2,0.951
113,equiformer_v2,2,0.9535
114,equiformer_v2,2,0.9615
115,equiformer_v2,2,0.9575
116,equiformer_v2,2,0.962
117,equiformer_v2,2,0.955
118,equiformer_v2,2,0.9605
119,equiformer_v2,2,0.9565
120,equiformer_v2,2,0.9595
121,equiformer_v2,2,0.9545
122,equiformer_v2,2,0.96
123,equiformer_v2,2,0.9525
124,equiformer_v2,2,0.9585
125,equiformer_v2,2,0.954
126,equiformer_v2,2,0.9585
127,equiformer_v2,2,0.958
128,equiformer_v2,2,0.958
129,equiformer_v2,2,0.951
130,equiformer_v2,2,0.9615
131,equiformer_v2,2,0.9575
132,equiformer_v2,2,0.958
133,equiformer_v2,2,0.9585
134,equiformer_v2,2,0.961
135,equiformer_v2,2,0.9565
136,equiformer_v2,2,0.9585
137,equiformer_v2,2,0.9555
138,equiformer_v2,2,0.9585
139,equiformer_v2,2,0.9565
140,equiformer_v2,2,0.958
141,equiformer_v2,2,0.9555
142,equiformer_v2,2,0.958
143,equiformer_v2,2,0.9575
144,equiformer_v2,2,0.9445
145,equiformer_v2,2,0.9565
146,equiformer_v2,2,0.9535
147,equiformer_v2,2,0.9555
148,equiformer_v2,2,0.9545
149,equiformer_v2,2,0.957
150,equiformer_v2,2,0.9595
1,mace,0,0.223
2,mace,0,0.537
3,mace,0,0.773
4,mace,0,0.8575
5,mace,0,0.8795
6,mace,0,0.8935
7,mace,0,0.8955
8,mace,0,0.895
9,mace,0,0.8975
10,mace,0,0.8995
11,mace,0,0.9005
12,mace,0,0.9035
13,mace,0,0.904
14,mace,0,0.904
15,mace,0,0.9065
16,mace,0,0.906
17,mace,0,0.9075
18,mace,0,0.9065
19,mace,0,0.9045
20,mace,0,0.907
21,mace,0,0.9045
22,mace,0,0.9085
23,mace,0,0.9035
24,mace,0,0.9055
25,mace,0,0.9045
26,mace,0,0.9075
27,mace,0,0.905
28,mace,0,0.9055
29,mace,0,0.905
30,mace,0,0.9035
31,mace,0,0.907
32,mace,0,0.9065
33,mace,0,0.9055
34,mace,0,0.907
35,mace,0,0.906
36,mace,0,0.906
37,mace,0,0.9025
38,mace,0,0.9075
39,mace,0,0.9065
40,mace,0,0.9065
41,mace,0,0.9065
42,mace,0,0.9095
43,mace,0,0.9065
44,mace,0,0.9085
45,mace,0,0.9075
46,mace,0,0.9075
47,mace,0,0.9075
48,mace,0,0.9075
49,mace,0,0.9055
50,mace,0,0.9075
51,mace,0,0.909
52,mace,0,0.906
53,mace,0,0.9075
54,mace,0,0.908
55,mace,0,0.905
56,mace,0,0.91
57,mace,0,0.907
58,mace,0,0.907
59,mace,0,0.9075
60,mace,0,0.908
61,mace,0,0.9075
62,mace,0,0.907
63,mace,0,0.9045
64,mace,0,0.907
65,mace,0,0.906
66,mace,0,0.907
67,mace,0,0.9035
68,mace,0,0.904
69,mace,0,0.906
70,mace,0,0.9065
71,mace,0,0.902
72,mace,0,0.9065
73,mace,0,0.9055
74,mace,0,0.9035
75,mace,0,0.905
76,mace,0,0.9055
77,mace,0,0.9035
78,mace,0,0.904
79,mace,0,0.9035
80,mace,0,0.9065
81,mace,0,0.904
82,mace,0,0.906
83,mace,0,0.907
84,mace,0,0.9055
85,mace,0,0.904
86,mace,0,0.906
87,mace,0,0.904
88,mace,0,0.9085
89,mace,0,0.905
90,mace,0,0.907
91,mace,0,0.9055
92,mace,0,0.9075
93,mace,0,0.9035
94,mace,0,0.9065
95,mace,0,0.906
96,mace,0,0.906
97,mace,0,0.9075
98,mace,0,0.9075
99,mace,0,0.905
100,mace,0,0.9055
101,mace,0,0.906
102,mace,0,0.9065
103,mace,0,0.9065
104,mace,0,0.9075
105,mace,0,0.9065
106,mace,0,0.908
107,mace,0,0.908
108,mace,0,0.9075
109,mace,0,0.9065
110,mace,0,0.9065
111,mace,0,0.906
112,mace,0,0.9065
113,mace,0,0.903
114,mace,0,0.9055
115,mace,0,0.905
116,mace,0,0.9065
117,mace,0,0.906
118,mace,0,0.9055
119,mace,0,0.908
120,mace,0,0.906
121,mace,0,0.9075
122,mace,0,0.9075
123,mace,0,0.9065
124,mace,0,0.908
125,mace,0,0.9065
126,mace,0,0.908
127,mace,0,0.9055
128,mace,0,0.9075
129,mace,0,0.906
130,mace,0,0.9075
131,mace,0,0.9065
132,mace,0,0.9075
133,mace,0,0.905
134,mace,0,0.9065
135,mace,0,0.9075
136,mace,0,0.908
137,mace,0,0.908
138,mace,0,0.906
139,mace,0,0.9045
140,mace,0,0.9065
141,mace,0,0.905
142,mace,0,0.9085
143,mace,0,0.9045
144,mace,0,0.907
145,mace,0,0.903
146,mace,0,0.9065
147,mace,0,0.9035
148,mace,0,0.9075
149,mace,0,0.903
150,mace,0,0.908
1,mace,1,0.088
2,mace,1,0.4525
3,mace,1,0.7785
4,mace,1,0.8505
5,mace,1,0.875
6,mace,1,0.8875
7,mace,1,0.894
8,mace,1,0.8975
9,mace,1,0.903
10,mace,1,0.9045
11,mace,1,0.903
12,mace,1,0.9045
13,mace,1,0.9055
14,mace,1,0.905
15,mace,1,0.9065
16,mace,1,0.9065
17,mace,1,0.905
18,mace,1,0.9075
19,mace,1,0.9085
20,mace,1,0.908
21,mace,1,0.9055
22,mace,1,0.9065
23,mace,1,0.907
24,mace,1,0.9065
25,mace,1,0.9065
26,mace,1,0.9065
27,mace,1,0.907
28,mace,1,0.9065
29,mace,1,0.908
30,mace,1,0.9065
31,mace,1,0.904
32,mace,1,0.9055
33,mace,1,0.9035
34,mace,1,0.9065
35,mace,1,0.9055
36,mace,1,0.9045
37,mace,1,0.9055
38,mace,1,0.906
39,mace,1,0.9025
40,mace,1,0.903
41,mace,1,0.903
42,mace,1,0.904
43,mace,1,0.906
44,mace,1,0.9055
45,mace,1,0.9075
46,mace,1,0.9055
47,mace,1,0.906
48,mace,1,0.905
49,mace,1,0.9045
50,mace,1,0.904
51,mace,1,0.903
52,mace,1,0.905
53,mace,1,0.9025
54,mace,1,0.905
55,mace,1,0.9045
56,mace,1,0.9065
57,mace,1,0.905
58,mace,1,0.907
59,mace,1,0.9085
60,mace,1,0.9085
61,mace,1,0.9075
62,mace,1,0.907
63,mace,1,0.906
64,mace,1,0.907
65,mace,1,0.908
66,mace,1,0.908
67,mace,1,0.9085
68,mace,1,0.9065
69,mace,1,0.9065
70,mace,1,0.907
71,mace,1,0.907
72,mace,1,0.9065
73,mace,1,0.907
74,mace,1,0.9065
75,mace,1,0.908
76,mace,1,0.909
77,mace,1,0.9085
78,mace,1,0.9085
79,mace,1,0.9085
80,mace,1,0.906
81,mace,1,0.9065
82,mace,1,0.906
83,mace,1,0.907
84,mace,1,0.904
85,mace,1,0.9055
86,mace,1,0.906
87,mace,1,0.905
88,mace,1,0.905
89,mace,1,0.9065
90,mace,1,0.907
91,mace,1,0.9065
92,mace,1,0.908
93,mace,1,0.908
94,mace,1,0.907
95,mace,1,0.906
96,mace,1,0.908
97,mace,1,0.9075
98,mace,1,0.907
99,mace,1,0.9065
100,mace,1,0.9065
101,mace,1,0.906
102,mace,1,0.9055
103,mace,1,0.907
104,mace,1,0.9075
105,mace,1,0.9045
106,mace,1,0.9045
107,mace,1,0.9065
108,mace,1,0.9065
109,mace,1,0.9055
110,mace,1,0.905
111,mace,1,0.9045
112,mace,1,0.9085
113,mace,1,0.9055
114,mace,1,0.907
115,mace,1,0.907
116,mace,1,0.9065
117,mace,1,0.9055
118,mace,1,0.908
119,mace,1,0.9055
120,mace,1,0.9075
121,mace,1,0.9055
122,mace,1,0.908
123,mace,1,0.904
124,mace,1,0.9085
125,mace,1,0.906
126,mace,1,0.907
127,mace,1,0.9035
128,mace,1,0.908
129,mace,1,0.907
130,mace,1,0.908
131,mace,1,0.906
132,mace,1,0.9085
133,mace,1,0.9055
134,mace,1,0.9075
135,mace,1,0.9055
136,mace,1,0.9075
137,mace,1,0.904
138,mace,1,0.908
139,mace,1,0.905
140,mace,1,0.9065
141,mace,1,0.907
142,mace,1,0.907
143,mace,1,0.905
144,mace,1,0.908
145,mace,1,0.9055
146,mace,1,0.9065
147,mace,1,0.907
148,mace,1,0.9055
149,mace,1,0.905
150,mace,1,0.908
1,mace,2,0.1235
2,mace,2,0.492
3,mace,2,0.7865
4,mace,2,0.85
5,mace,2,0.8725
6,mace,2,0.893
7,mace,2,0.898
8,mace,2,0.8955
9,mace,2,0.898
10,mace,2,0.901
11,mace,2,0.902
12,mace,2,0.905
13,mace,2,0.904
14,mace,2,0.905
15,mace,2,0.9045
16,mace,2,0.9075
17,mace,2,0.9055
18,mace,2,0.907
19,mace,2,0.903
20,mace,2,0.9055
21,mace,2,0.906
22,mace,2,0.9075
23,mace,2,0.9055
24,mace,2,0.9065
25,mace,2,0.908
26,mace,2,0.9075
27,mace,2,0.909
28,mace,2,0.9095
29,mace,2,0.9105
30,mace,2,0.9095
31,mace,2,0.911
32,mace,2,0.909
33,mace,2,0.909
34,mace,2,0.9085
35,mace,2,0.9105
36,mace,2,0.908
37,mace,2,0.909
38,mace,2,0.906
39,mace,2,0.9085
40,mace,2,0.9075
41,mace,2,0.9095
42,mace,2,0.907
43,mace,2,0.9075
44,mace,2,0.9095
45,mace,2,0.908
46,mace,2,0.908
47,mace,2,0.907
48,mace,2,0.9095
49,mace,2,0.9075
50,mace,2,0.904
51,mace,2,0.9055
52,mace,2,0.9055
53,mace,2,0.906
54,mace,2,0.908
55,mace,2,0.906
56,mace,2,0.909
57,mace,2,0.905
58,mace,2,0.9055
59,mace,2,0.9055
60,mace,2,0.906
61,mace,2,0.904
62,mace,2,0.9085
63,mace,2,0.905
64,mace,2,0.908
65,mace,2,0.904
66,mace,2,0.9075
67,mace,2,0.9065
68,mace,2,0.9105
69,mace,2,0.9075
70,mace,2,0.9055
71,mace,2,0.9055
72,mace,2,0.907
73,mace,2,0.908
74,mace,2,0.9065
75,mace,2,0.9085
76,mace,2,0.908
77,mace,2,0.906
78,mace,2,0.9085
79,mace,2,0.908
80,mace,2,0.908
81,mace,2,0.9085
82,mace,2,0.9075
83,mace,2,0.9075
84,mace,2,0.907
85,mace,2,0.907
86,mace,2,0.91
87,mace,2,0.907
88,mace,2,0.908
89,mace,2,0.9085
90,mace,2,0.907
91,mace,2,0.9065
92,mace,2,0.9035
93,mace,2,0.9095
94,mace,2,0.9075
95,mace,2,0.9075
96,mace,2,0.91
97,mace,2,0.9045
98,mace,2,0.906
99,mace,2,0.9085
100,mace,2,0.908
101,mace,2,0.9085
102,mace,2,0.9075
103,mace,2,0.907
104,mace,2,0.9045
105,mace,2,0.907
106,mace,2,0.9025
107,mace,2,0.9075
108,mace,2,0.909
109,mace,2,0.9055
110,mace,2,0.9055
111,mace,2,0.9075
112,mace,2,0.905
113,mace,2,0.906
114,mace,2,0.903
115,mace,2,0.9045
116,mace,2,0.905
117,mace,2,0.906
118,mace,2,0.907
119,mace,2,0.908
120,mace,2,0.905
121,mace,2,0.9075
122,mace,2,0.9065
123,mace,2,0.908
124,mace,2,0.906
125,mace,2,0.9085
126,mace,2,0.906
127,mace,2,0.9075
128,mace,2,0.9055
129,mace,2,0.9085
130,mace,2,0.906
131,mace,2,0.9085
132,mace,2,0.908
133,mace,2,0.9075
134,mace,2,0.909
135,mace,2,0.905
136,mace,2,0.909
137,mace,2,0.906
138,mace,2,0.9095
139,mace,2,0.9065
140,mace,2,0.908
141,mace,2,0.9065
142,mace,2,0.908
143,mace,2,0.9065
144,mace,2,0.9065
145,mace,2,0.909
146,mace,2,0.907
147,mace,2,0.9085
148,mace,2,0.907
149,mace,2,0.908
150,mace,2,0.9065
1,nequip,0,0.046
2,nequip,0,0.422
3,nequip,0,0.594
4,nequip,0,0.6575
5,nequip,0,0.682
6,nequip,0,0.7125
7,nequip,0,0.6925
8,nequip,0,0.7275
9,nequip,0,0.74
10,nequip,0,0.7385
11,nequip,0,0.747
12,nequip,0,0.7495
13,nequip,0,0.749
14,nequip,0,0.758
15,nequip,0,0.747
16,nequip,0,0.777
17,nequip,0,0.7645
18,nequip,0,0.779
19,nequip,0,0.7725
20,nequip,0,0.785
21,nequip,0,0.784
22,nequip,0,0.8025
23,nequip,0,0.801
24,nequip,0,0.7835
25,nequip,0,0.795
26,nequip,0,0.802
27,nequip,0,0.8005
28,nequip,0,0.814
29,nequip,0,0.814
30,nequip,0,0.8205
31,nequip,0,0.8155
32,nequip,0,0.819
33,nequip,0,0.83
34,nequip,0,0.8355
35,nequip,0,0.8315
36,nequip,0,0.8355
37,nequip,0,0.8395
38,nequip,0,0.84
39,nequip,0,0.8415
40,nequip,0,0.846
41,nequip,0,0.8485
42,nequip,0,0.85
43,nequip,0,0.85
44,nequip,0,0.8505
45,nequip,0,0.861
46,nequip,0,0.8575
47,nequip,0,0.857
48,nequip,0,0.8615
49,nequip,0,0.8605
50,nequip,0,0.8625
51,nequip,0,0.861
52,nequip,0,0.863
53,nequip,0,0.8645
54,nequip,0,0.8655
55,nequip,0,0.866
56,nequip,0,0.8635
57,nequip,0,0.8645
58,nequip,0,0.8695
59,nequip,0,0.8665
60,nequip,0,0.8695
61,nequip,0,0.866
62,nequip,0,0.869
63,nequip,0,0.863
64,nequip,0,0.869
65,nequip,0,0.8705
66,nequip,0,0.8715
67,nequip,0,0.876
68,nequip,0,0.875
69,nequip,0,0.8715
70,nequip,0,0.873
71,nequip,0,0.873
72,nequip,0,0.8785
73,nequip,0,0.877
74,nequip,0,0.8785
75,nequip,0,0.8775
76,nequip,0,0.8795
77,nequip,0,0.8795
78,nequip,0,0.8775
79,nequip,0,0.8815
80,nequip,0,0.8795
81,nequip,0,0.8825
82,nequip,0,0.8825
83,nequip,0,0.884
84,nequip,0,0.8835
85,nequip,0,0.884
86,nequip,0,0.883
87,nequip,0,0.883
88,nequip,0,0.886
89,nequip,0,0.886
90,nequip,0,0.884
91,nequip,0,0.884
92,nequip,0,0.8855
93,nequip,0,0.885
94,nequip,0,0.888
95,nequip,0,0.886
96,nequip,0,0.888
97,nequip,0,0.888
98,nequip,0,0.8885
99,nequip,0,0.8885
100,nequip,0,0.8875
101,nequip,0,0.89
102,nequip,0,0.8885
103,nequip,0,0.8885
104,nequip,0,0.8915
105,nequip,0,0.892
106,nequip,0,0.89
107,nequip,0,0.892
108,nequip,0,0.891
109,nequip,0,0.892
110,nequip,0,0.8905
111,nequip,0,0.8885
112,nequip,0,0.8915
113,nequip,0,0.893
114,nequip,0,0.894
115,nequip,0,0.8925
116,nequip,0,0.8925
117,nequip,0,0.8955
118,nequip,0,0.8945
119,nequip,0,0.893
120,nequip,0,0.8915
121,nequip,0,0.893
122,nequip,0,0.8945
123,nequip,0,0.8935
124,nequip,0,0.894
125,nequip,0,0.896
126,nequip,0,0.897
127,nequip,0,0.896
128,nequip,0,0.895
129,nequip,0,0.896
130,nequip,0,0.8945
131,nequip,0,0.8965
132,nequip,0,0.8955
133,nequip,0,0.8945
134,nequip,0,0.895
135,nequip,0,0.8965
136,nequip,0,0.8955
137,nequip,0,0.8955
138,nequip,0,0.895
139,nequip,0,0.895
140,nequip,0,0.896
141,nequip,0,0.897
142,nequip,0,0.8965
143,nequip,0,0.895
144,nequip,0,0.897
145,nequip,0,0.897
146,nequip,0,0.895
147,nequip,0,0.8965
148,nequip,0,0.8985
149,nequip,0,0.894
150,nequip,0,0.896
1,nequip,1,0.0405
2,nequip,1,0.2745
3,nequip,1,0.5415
4,nequip,1,0.6085
5,nequip,1,0.671
6,nequip,1,0.697
7,nequip,1,0.7125
8,nequip,1,0.7385
9,nequip,1,0.7745
10,nequip,1,0.768
11,nequip,1,0.785
12,nequip,1,0.7905
13,nequip,1,0.7785
14,nequip,1,0.792
15,nequip,1,0.803
16,nequip,1,0.8175
17,nequip,1,0.8155
18,nequip,1,0.8195
19,nequip,1,0.8195
20,nequip,1,0.818
21,nequip,1,0.836
22,nequip,1,0.8305
23,nequip,1,0.832
24,nequip,1,0.842
25,nequip,1,0.843
26,nequip,1,0.847
27,nequip,1,0.855
28,nequip,1,0.8525
29,nequip,1,0.857
30,nequip,1,0.857
31,nequip,1,0.8565
32,nequip,1,0.8605
33,nequip,1,0.8585
34,nequip,1,0.864
35,nequip,1,0.863
36,nequip,1,0.865
37,nequip,1,0.8665
38,nequip,1,0.8695
39,nequip,1,0.8685
40,nequip,1,0.874
41,nequip,1,0.8705
42,nequip,1,0.873
43,nequip,1,0.8715
44,nequip,1,0.8745
45,nequip,1,0.8685
46,nequip,1,0.8715
47,nequip,1,0.8735
48,nequip,1,0.876
49,nequip,1,0.8745
50,nequip,1,0.8775
51,nequip,1,0.876
52,nequip,1,0.8745
53,nequip,1,0.8765
54,nequip,1,0.8775
55,nequip,1,0.8785
56,nequip,1,0.8795
57,nequip,1,0.877
58,nequip,1,0.8805
59,nequip,1,0.881
60,nequip,1,0.881
61,nequip,1,0.8815
62,nequip,1,0.8835
63,nequip,1,0.882
64,nequip,1,0.8815
65,nequip,1,0.8815
66,nequip,1,0.883
67,nequip,1,0.8825
68,nequip,1,0.8845
69,nequip,1,0.885
70,nequip,1,0.884
71,nequip,1,0.885
72,nequip,1,0.8835
73,nequip,1,0.884
74,nequip,1,0.884
75,nequip,1,0.8805
76,nequip,1,0.8865
77,nequip,1,0.8875
78,nequip,1,0.8875
79,nequip,1,0.889
80,nequip,1,0.887
81,nequip,1,0.886
82,nequip,1,0.8885
83,nequip,1,0.8895
84,nequip,1,0.8905
85,nequip,1,0.8895
86,nequip,1,0.8885
87,nequip,1,0.8895
88,nequip,1,0.891
89,nequip,1,0.889
90,nequip,1,0.8905
91,nequip,1,0.889
92,nequip,1,0.8915
93,nequip,1,0.8905
94,nequip,1,0.888
95,nequip,1,0.8905
96,nequip,1,0.891
97,nequip,1,0.8915
98,nequip,1,0.89
99,nequip,1,0.889
100,nequip,1,0.8895
101,nequip,1,0.8895
102,nequip,1,0.889
103,nequip,1,0.8905
104,nequip,1,0.8885
105,nequip,1,0.891
106,nequip,1,0.891
107,nequip,1,0.892
108,nequip,1,0.8915
109,nequip,1,0.8925
110,nequip,1,0.891
111,nequip,1,0.892
112,nequip,1,0.8905
113,nequip,1,0.8905
114,nequip,1,0.8925
115,nequip,1,0.8945
116,nequip,1,0.8925
117,nequip,1,0.8905
118,nequip,1,0.892
119,nequip,1,0.8925
120,nequip,1,0.892
121,nequip,1,0.892
122,nequip,1,0.8945
123,nequip,1,0.8905
124,nequip,1,0.8915
125,nequip,1,0.8935
126,nequip,1,0.8945
127,nequip,1,0.8955
128,nequip,1,0.8915
129,nequip,1,0.894
130,nequip,1,0.8945
131,nequip,1,0.895
132,nequip,1,0.893
133,nequip,1,0.8935
134,nequip,1,0.8895
135,nequip,1,0.8935
136,nequip,1,0.8925
137,nequip,1,0.8935
138,nequip,1,0.892
139,nequip,1,0.8935
140,nequip,1,0.892
141,nequip,1,0.8915
142,nequip,1,0.8925
143,nequip,1,0.893
144,nequip,1,0.8925
145,nequip,1,0.891
146,nequip,1,0.894
147,nequip,1,0.8915
148,nequip,1,0.8945
149,nequip,1,0.8915
150,nequip,1,0.8955
1,nequip,2,0.0395
2,nequip,2,0.472
3,nequip,2,0.5975
4,nequip,2,0.643
5,nequip,2,0.677
6,nequip,2,0.699
7,nequip,2,0.702
8,nequip,2,0.72
9,nequip,2,0.744
10,nequip,2,0.7625
11,nequip,2,0.773
12,nequip,2,0.7805
13,nequip,2,0.7825
14,nequip,2,0.787
15,nequip,2,0.7985
16,nequip,2,0.806
17,nequip,2,0.807
18,nequip,2,0.8115
19,nequip,2,0.8215
20,nequip,2,0.8125
21,nequip,2,0.826
22,nequip,2,0.817
23,nequip,2,0.833
24,nequip,2,0.8285
25,nequip,2,0.826
26,nequip,2,0.836
27,nequip,2,0.8335
28,nequip,2,0.8425
29,nequip,2,0.8425
30,nequip,2,0.8435
31,nequip,2,0.8425
32,nequip,2,0.8495
33,nequip,2,0.8505
34,nequip,2,0.851
35,nequip,2,0.852
36,nequip,2,0.852
37,nequip,2,0.8515
38,nequip,2,0.8555
39,nequip,2,0.8555
40,nequip,2,0.854
41,nequip,2,0.8545
42,nequip,2,0.861
43,nequip,2,0.859
44,nequip,2,0.862
45,nequip,2,0.8615
46,nequip,2,0.864
47,nequip,2,0.8645
48,nequip,2,0.8685
49,nequip,2,0.8685
50,nequip,2,0.8715
51,nequip,2,0.87
52,nequip,2,0.87
53,nequip,2,0.8735
54,nequip,2,0.873
55,nequip,2,0.8765
56,nequip,2,0.875
57,nequip,2,0.879
58,nequip,2,0.876
59,nequip,2,0.88
60,nequip,2,0.877
61,nequip,2,0.8795
62,nequip,2,0.8815
63,nequip,2,0.8765
64,nequip,2,0.8825
65,nequip,2,0.8795
66,nequip,2,0.882
67,nequip,2,0.878
68,nequip,2,0.8815
69,nequip,2,0.8795
70,nequip,2,0.88
71,nequip,2,0.8845
72,nequip,2,0.8805
73,nequip,2,0.881
74,nequip,2,0.883
75,nequip,2,0.8855
76,nequip,2,0.883
77,nequip,2,0.8855
78,nequip,2,0.883
79,nequip,2,0.884
80,nequip,2,0.888
81,nequip,2,0.885
82,nequip,2,0.8855
83,nequip,2,0.8845
84,nequip,2,0.8865
85,nequip,2,0.888
86,nequip,2,0.8875
87,nequip,2,0.886
88,nequip,2,0.887
89,nequip,2,0.8885
90,nequip,2,0.887
91,nequip,2,0.885
92,nequip,2,0.887
93,nequip,2,0.888
94,nequip,2,0.8875
95,nequip,2,0.8875
96,nequip,2,0.8885
97,nequip,2,0.8875
98,nequip,2,0.889
99,nequip,2,0.8875
100,nequip,2,0.887
101,nequip,2,0.8885
102,nequip,2,0.8885
103,nequip,2,0.89
104,nequip,2,0.891
105,nequip,2,0.8905
106,nequip,2,0.888
107,nequip,2,0.891
108,nequip,2,0.891
109,nequip,2,0.892
110,nequip,2,0.891
111,nequip,2,0.892
112,nequip,2,0.8895
113,nequip,2,0.893
114,nequip,2,0.892
115,nequip,2,0.89
116,nequip,2,0.89
117,nequip,2,0.8915
118,nequip,2,0.8935
119,nequip,2,0.896
120,nequip,2,0.8935
121,nequip,2,0.893
122,nequip,2,0.8925
123,nequip,2,0.895
124,nequip,2,0.894
125,nequip,2,0.8945
126,nequip,2,0.8935
127,nequip,2,0.8945
128,nequip,2,0.893
129,nequip,2,0.892
130,nequip,2,0.8915
131,nequip,2,0.895
132,nequip,2,0.8885
133,nequip,2,0.8905
134,nequip,2,0.8945
135,nequip,2,0.8955
136,nequip,2,0.894
137,nequip,2,0.8955
138,nequip,2,0.895
139,nequip,2,0.8935
140,nequip,2,0.8955
141,nequip,2,0.8955
142,nequip,2,0.8955
143,nequip,2,0.8945
144,nequip,2,0.8945
145,nequip,2,0.8945
146,nequip,2,0.893
147,nequip,2,0.8955
148,nequip,2,0.8955
149,nequip,2,0.8935
150,nequip,2,0.893
