material,core,parity,seed,delta,norm_T,norm_T_std,spacegroup
SnO2,allegro,o3,0,0.0,1.6993345752780442e-07,0.0,136
SnO2,allegro,o3,0,0.001,0.001863986486569047,0.0,102
SnO2,allegro,o3,0,0.0017492711874398425,0.003260708414018154,0.0,102
SnO2,allegro,o3,0,0.0030599496872071963,0.005704251118004322,0.0,102
SnO2,allegro,o3,0,0.005352681822847106,0.009978650137782097,0.0,102
SnO2,allegro,o3,0,0.009363292088239416,0.017454177141189575,0.0,102
SnO2,allegro,o3,0,0.016378937069540637,0.030530733987689018,0.0,102
SnO2,allegro,o3,0,0.028651202696637804,0.0533963218331337,0.0,102
SnO2,allegro,o3,0,0.05,0.09313227236270905,0.0,102
SnO2,allegro,o3,0,0.05011872336272722,0.0933537632226944,0.0,102
SnO2,allegro,o3,0,0.1,0.18580317497253418,0.0,102
SnO2,allegro,o3,0,0.15,0.2775558829307556,0.0,102
SnO2,allegro,o3,0,0.2,0.3679462969303131,0.0,102
SnO2,allegro,o3,0,0.25,0.45654425024986267,0.0,102
SnO2,allegro,o3,0,0.3,0.542941689491272,0.0,102
SnO2,allegro,o3,0,0.35,0.6267538070678711,0.0,102
SnO2,allegro,o3,0,0.39999999999999997,0.7076272964477539,0.0,102
SnO2,allegro,o3,0,0.44999999999999996,0.7852348685264587,0.0,102
SnO2,allegro,o3,0,0.49999999999999994,0.859287440776825,0.0,102
SnO2,allegro,o3,0,0.5499999999999999,0.9295296669006348,0.0,102
SnO2,allegro,o3,0,0.6,0.9957417249679565,0.0,102
SnO2,allegro,o3,0,0.65,1.0577422380447388,0.0,102
SnO2,allegro,o3,0,0.7,1.1153874397277832,0.0,102
SnO2,allegro,o3,0,0.75,1.168566346168518,0.0,102
SnO2,allegro,o3,0,0.7999999999999999,1.2172075510025024,0.0,102
SnO2,allegro,o3,0,0.85,1.2612757682800293,0.0,102
SnO2,allegro,o3,0,0.9,1.300763726234436,0.0,102
SnO2,allegro,o3,0,0.95,1.3357045650482178,0.0,102
SnO2,allegro,o3,0,1.0,1.366155743598938,0.0,102
SnO2,allegro,o3,0,1.0499999999999998,1.3922133445739746,0.0,102
SnO2,allegro,o3,0,1.0999999999999999,1.4139925241470337,0.0,102
SnO2,allegro,o3,0,1.15,1.4316484928131104,0.0,102
SnO2,allegro,o3,0,1.2,1.445353388786316,0.0,102
SnO2,allegro,o3,1,0.0,2.5261741143367544e-07,0.0,136
SnO2,allegro,o3,1,0.001,0.0004538146604318172,0.0,102
SnO2,allegro,o3,1,0.0017492711874398425,0.0007933187298476696,0.0,102
SnO2,allegro,o3,1,0.0030599496872071963,0.0013870352413505316,0.0,102
SnO2,allegro,o3,1,0.005352681822847106,0.0024266159161925316,0.0,102
SnO2,allegro,o3,1,0.009363292088239416,0.004245341289788485,0.0,102
SnO2,allegro,o3,1,0.016378937069540637,0.007426898460835218,0.0,102
SnO2,allegro,o3,1,0.028651202696637804,0.012988596223294735,0.0,102
SnO2,allegro,o3,1,0.05,0.022651419043540955,0.0,102
SnO2,allegro,o3,1,0.05011872336272722,0.02270597591996193,0.0,102
SnO2,allegro,o3,1,0.1,0.04518084228038788,0.0,102
SnO2,allegro,o3,1,0.15,0.06746478378772736,0.0,102
SnO2,allegro,o3,1,0.2,0.08938343822956085,0.0,102
SnO2,allegro,o3,1,0.25,0.11081282794475555,0.0,102
SnO2,allegro,o3,1,0.3,0.13163529336452484,0.0,102
SnO2,allegro,o3,1,0.35,0.15172821283340454,0.0,102
SnO2,allegro,o3,1,0.39999999999999997,0.1709766536951065,0.0,102
SnO2,allegro,o3,1,0.44999999999999996,0.1892605423927307,0.0,102
SnO2,allegro,o3,1,0.49999999999999994,0.20646020770072937,0.0,102
SnO2,allegro,o3,1,0.5499999999999999,0.2224624752998352,0.0,102
SnO2,allegro,o3,1,0.6,0.23714737594127655,0.0,102
SnO2,allegro,o3,1,0.65,0.25039952993392944,0.0,102
SnO2,allegro,o3,1,0.7,0.2621040642261505,0.0,102
SnO2,allegro,o3,1,0.75,0.27214401960372925,0.0,102
SnO2,allegro,o3,1,0.7999999999999999,0.28040558099746704,0.0,102
SnO2,allegro,o3,1,0.85,0.2867763936519623,0.0,102
SnO2,allegro,o3,1,0.9,0.29114827513694763,0.0,102
SnO2,allegro,o3,1,0.95,0.2934207618236542,0.0,102
SnO2,allegro,o3,1,1.0,0.2935011684894562,0.0,102
SnO2,allegro,o3,1,1.0499999999999998,0.291306734085083,0.0,102
SnO2,allegro,o3,1,1.0999999999999999,0.28677675127983093,0.0,102
SnO2,allegro,o3,1,1.15,0.2798704206943512,0.0,102
SnO2,allegro,o3,1,1.2,0.2705794870853424,0.0,102
SnO2,allegro,o3,2,0.0,2.1259566551634634e-07,0.0,136
SnO2,allegro,o3,2,0.001,0.0018305812263861299,0.0,102
SnO2,allegro,o3,2,0.0017492711874398425,0.0032020884100347757,0.0,102
SnO2,allegro,o3,2,0.0030599496872071963,0.005601407960057259,0.0,102
SnO2,allegro,o3,2,0.005352681822847106,0.009797445498406887,0.0,102
SnO2,allegro,o3,2,0.009363292088239416,0.017138594761490822,0.0,102
SnO2,allegro,o3,2,0.016378937069540637,0.029979422688484192,0.0,102
SnO2,allegro,o3,2,0.028651202696637804,0.052433885633945465,0.0,102
SnO2,allegro,o3,2,0.05,0.09145866334438324,0.0,102
SnO2,allegro,o3,2,0.05011872336272722,0.09167573601007462,0.0,102
SnO2,allegro,o3,2,0.1,0.18252107501029968,0.0,102
SnO2,allegro,o3,2,0.15,0.27279308438301086,0.0,102
SnO2,allegro,o3,2,0.2,0.36188820004463196,0.0,102
SnO2,allegro,o3,2,0.25,0.4494249224662781,0.0,102
SnO2,allegro,o3,2,0.3,0.5350372791290283,0.0,102
SnO2,allegro,o3,2,0.35,0.6183698177337646,0.0,102
SnO2,allegro,o3,2,0.39999999999999997,0.6990842223167419,0.0,102
SnO2,allegro,o3,2,0.44999999999999996,0.7768598198890686,0.0,102
SnO2,allegro,o3,2,0.49999999999999994,0.8513975739479065,0.0,102
SnO2,allegro,o3,2,0.5499999999999999,0.922417163848877,0.0,102
SnO2,allegro,o3,2,0.6,0.9896638989448547,0.0,102
SnO2,allegro,o3,2,0.65,1.0529097318649292,0.0,102
SnO2,allegro,o3,2,0.7,1.111951231956482,0.0,102
SnO2,allegro,o3,2,0.75,1.1666150093078613,0.0,102
SnO2,allegro,o3,2,0.7999999999999999,1.2167590856552124,0.0,102
SnO2,allegro,o3,2,0.85,1.2622709274291992,0.0,102
SnO2,allegro,o3,2,0.9,1.3030805587768555,0.0,102
SnO2,allegro,o3,2,0.95,1.3391472101211548,0.0,102
SnO2,allegro,o3,2,1.0,1.3704779148101807,0.0,102
SnO2,allegro,o3,2,1.0499999999999998,1.3971123695373535,0.0,102
SnO2,allegro,o3,2,1.0999999999999999,1.4191426038742065,0.0,102
SnO2,allegro,o3,2,1.15,1.436702847480774,0.0,102
SnO2,allegro,o3,2,1.2,1.4499703645706177,0.0,102
SnO2,allegro,so3,0,0.0,0.06344814598560333,0.0,136
SnO2,allegro,so3,0,0.001,0.06345595419406891,0.0,102
SnO2,allegro,so3,0,0.0017492711874398425,0.06347192823886871,0.0,102
SnO2,allegro,so3,0,0.0030599496872071963,0.06352085620164871,0.0,102
SnO2,allegro,so3,0,0.005352681822847106,0.06366986781358719,0.0,102
SnO2,allegro,so3,0,0.009363292088239416,0.0641239583492279,0.0,102
SnO2,allegro,so3,0,0.016378937069540637,0.06549380719661713,0.0,102
SnO2,allegro,so3,0,0.028651202696637804,0.06951481848955154,0.0,102
SnO2,allegro,so3,0,0.05,0.08047997951507568,0.0,102
SnO2,allegro,so3,0,0.05011872336272722,0.08055218309164047,0.0,102
SnO2,allegro,so3,0,0.1,0.1172226220369339,0.0,102
SnO2,allegro,so3,0,0.15,0.15984699130058289,0.0,102
SnO2,allegro,so3,0,0.2,0.20365795493125916,0.0,102
SnO2,allegro,so3,0,0.25,0.2468661665916443,0.0,102
SnO2,allegro,so3,0,0.3,0.2885426878929138,0.0,102
SnO2,allegro,so3,0,0.35,0.3280829191207886,0.0,102
SnO2,allegro,so3,0,0.39999999999999997,0.36504310369491577,0.0,102
SnO2,allegro,so3,0,0.44999999999999996,0.39907848834991455,0.0,102
SnO2,allegro,so3,0,0.49999999999999994,0.42992499470710754,0.0,102
SnO2,allegro,so3,0,0.5499999999999999,0.4573863744735718,0.0,102
SnO2,allegro,so3,0,0.6,0.4813375174999237,0.0,102
SnO2,allegro,so3,0,0.65,0.5017189979553223,0.0,102
SnO2,allegro,so3,0,0.7,0.5185416340827942,0.0,102
SnO2,allegro,so3,0,0.75,0.5318857431411743,0.0,102
SnO2,allegro,so3,0,0.7999999999999999,0.5419028401374817,0.0,102
SnO2,allegro,so3,0,0.85,0.548818051815033,0.0,102
SnO2,allegro,so3,0,0.9,0.5529289841651917,0.0,102
SnO2,allegro,so3,0,0.95,0.554604709148407,0.0,102
SnO2,allegro,so3,0,1.0,0.554284393787384,0.0,102
SnO2,allegro,so3,0,1.0499999999999998,0.5524715781211853,0.0,102
SnO2,allegro,so3,0,1.0999999999999999,0.5497242212295532,0.0,102
SnO2,allegro,so3,0,1.15,0.5466430187225342,0.0,102
SnO2,allegro,so3,0,1.2,0.5438480377197266,0.0,102
SnO2,allegro,so3,1,0.0,0.10279062390327454,0.0,136
SnO2,allegro,so3,1,0.001,0.1027909368276596,0.0,102
SnO2,allegro,so3,1,0.0017492711874398425,0.1027929037809372,0.0,102
SnO2,allegro,so3,1,0.0030599496872071963,0.10279794037342072,0.0,102
SnO2,allegro,so3,1,0.005352681822847106,0.10281407833099365,0.0,102
SnO2,allegro,so3,1,0.009363292088239416,0.10286291688680649,0.0,102
SnO2,allegro,so3,1,0.016378937069540637,0.10301294922828674,0.0,102
SnO2,allegro,so3,1,0.028651202696637804,0.10346854478120804,0.0,102
SnO2,allegro,so3,1,0.05,0.10484035313129425,0.0,102
SnO2,allegro,so3,1,0.05011872336272722,0.10484983772039413,0.0,102
SnO2,allegro,so3,1,0.1,0.1107199639081955,0.0,102
SnO2,allegro,so3,1,0.15,0.1197514533996582,0.0,102
SnO2,allegro,so3,1,0.2,0.1311132162809372,0.0,102
SnO2,allegro,so3,1,0.25,0.14403869211673737,0.0,102
SnO2,allegro,so3,1,0.3,0.1578996479511261,0.0,102
SnO2,allegro,so3,1,0.35,0.17220444977283478,0.0,102
SnO2,allegro,so3,1,0.39999999999999997,0.1865738183259964,0.0,102
SnO2,allegro,so3,1,0.44999999999999996,0.2007121443748474,0.0,102
SnO2,allegro,so3,1,0.49999999999999994,0.21438387036323547,0.0,102
SnO2,allegro,so3,1,0.5499999999999999,0.22739849984645844,0.0,102
SnO2,allegro,so3,1,0.6,0.23959669470787048,0.0,102
SnO2,allegro,so3,1,0.65,0.2508486211299896,0.0,102
SnO2,allegro,so3,1,0.7,0.26104500889778137,0.0,102
SnO2,allegro,so3,1,0.75,0.2700928747653961,0.0,102
SnO2,allegro,so3,1,0.7999999999999999,0.27791911363601685,0.0,102
SnO2,allegro,so3,1,0.85,0.28446999192237854,0.0,102
SnO2,allegro,so3,1,0.9,0.28970417380332947,0.0,102
SnO2,allegro,so3,1,0.95,0.2936048209667206,0.0,102
SnO2,allegro,so3,1,1.0,0.29617056250572205,0.0,102
SnO2,allegro,so3,1,1.0499999999999998,0.29742687940597534,0.0,102
SnO2,allegro,so3,1,1.0999999999999999,0.2974209785461426,0.0,102
SnO2,allegro,so3,1,1.15,0.29622432589530945,0.0,102
SnO2,allegro,so3,1,1.2,0.29394277930259705,0.0,102
SnO2,allegro,so3,2,0.0,0.45894375443458557,0.0,136
SnO2,allegro,so3,2,0.001,0.4589438736438751,0.0,102
SnO2,allegro,so3,2,0.0017492711874398425,0.45894476771354675,0.0,102
SnO2,allegro,so3,2,0.0030599496872071963,0.45894891023635864,0.0,102
SnO2,allegro,so3,2,0.005352681822847106,0.45895808935165405,0.0,102
SnO2,allegro,so3,2,0.009363292088239416,0.45898890495300293,0.0,102
SnO2,allegro,so3,2,0.016378937069540637,0.45908287167549133,0.0,102
SnO2,allegro,so3,2,0.028651202696637804,0.45936959981918335,0.0,102
SnO2,allegro,so3,2,0.05,0.46024012565612793,0.0,102
SnO2,allegro,so3,2,0.05011872336272722,0.4602457284927368,0.0,102
SnO2,allegro,so3,2,0.1,0.46410152316093445,0.0,102
SnO2,allegro,so3,2,0.15,0.47044920921325684,0.0,102
SnO2,allegro,so3,2,0.2,0.47916051745414734,0.0,102
SnO2,allegro,so3,2,0.25,0.4900849461555481,0.0,102
SnO2,allegro,so3,2,0.3,0.5030593872070312,0.0,102
SnO2,allegro,so3,2,0.35,0.517920732498169,0.0,102
SnO2,allegro,so3,2,0.39999999999999997,0.5345257520675659,0.0,102
SnO2,allegro,so3,2,0.44999999999999996,0.5527557134628296,0.0,102
SnO2,allegro,so3,2,0.49999999999999994,0.5725322365760803,0.0,102
SnO2,allegro,so3,2,0.5499999999999999,0.5938180685043335,0.0,102
SnO2,allegro,so3,2,0.6,0.6166223287582397,0.0,102
SnO2,allegro,so3,2,0.65,0.6410002708435059,0.0,102
SnO2,allegro,so3,2,0.7,0.6670523881912231,0.0,102
SnO2,allegro,so3,2,0.75,0.6949226260185242,0.0,102
SnO2,allegro,so3,2,0.7999999999999999,0.7247896790504456,0.0,102
SnO2,allegro,so3,2,0.85,0.7568694353103638,0.0,102
SnO2,allegro,so3,2,0.9,0.7913989424705505,0.0,102
SnO2,allegro,so3,2,0.95,0.8286329507827759,0.0,102
SnO2,allegro,so3,2,1.0,0.8688371181488037,0.0,102
SnO2,allegro,so3,2,1.0499999999999998,0.912277340888977,0.0,102
SnO2,allegro,so3,2,1.0999999999999999,0.9592147469520569,0.0,102
SnO2,allegro,so3,2,1.15,1.0098918676376343,0.0,102
SnO2,allegro,so3,2,1.2,1.0645371675491333,0.0,102
SnO2,equiformer_v2,so3,0,0.0,0.11709667336071594,0.0007760679243385212,136
SnO2,equiformer_v2,so3,0,0.001,0.1169330167609363,0.0006927166117698007,102
SnO2,equiformer_v2,so3,0,0.0017492711874398425,0.11684519101292867,0.00065558599319069,102
SnO2,equiformer_v2,so3,0,0.0030599496872071963,0.11661072991426773,0.0005137600883849406,102
SnO2,equiformer_v2,so3,0,0.005352681822847106,0.11675923522509582,0.0007030031798721012,102
SnO2,equiformer_v2,so3,0,0.009363292088239416,0.1169475406616183,0.0005970277160431601,102
SnO2,equiformer_v2,so3,0,0.016378937069540637,0.11659434026708489,0.0008891741142478643,102
SnO2,equiformer_v2,so3,0,0.028651202696637804,0.11780000634115899,0.00032372820812278936,102
SnO2,equiformer_v2,so3,0,0.05,0.11776432537043072,0.00040834155619480636,102
SnO2,equiformer_v2,so3,0,0.05011872336272722,0.11765109271250737,0.00040018752860216636,102
SnO2,equiformer_v2,so3,0,0.1,0.12070530662178822,0.0005754021545537936,102
SnO2,equiformer_v2,so3,0,0.15,0.12480236997664274,0.00025038101358669024,102
SnO2,equiformer_v2,so3,0,0.2,0.12972705688007602,0.000615477259803898,102
SnO2,equiformer_v2,so3,0,0.25,0.3451961509959093,0.0024221099523638987,102
SnO2,equiformer_v2,so3,0,0.3,0.3382047184564435,0.0015164664472178963,102
SnO2,equiformer_v2,so3,0,0.35,0.3322768907722179,0.0021484424389424626,102
SnO2,equiformer_v2,so3,0,0.39999999999999997,0.3248188046207861,0.0017031052467498693,102
SnO2,equiformer_v2,so3,0,0.44999999999999996,0.3177424511958341,0.0013625396936927446,102
SnO2,equiformer_v2,so3,0,0.49999999999999994,0.31080990300875644,0.001249916827671501,102
SnO2,equiformer_v2,so3,0,0.5499999999999999,0.30264161399933975,0.0015121623209572866,102
SnO2,equiformer_v2,so3,0,0.6,0.2942794216094596,0.001387599022316996,102
SnO2,equiformer_v2,so3,0,0.65,0.28807291176473343,0.0013931353682772342,102
SnO2,equiformer_v2,so3,0,0.7,0.2801556059515736,0.0011517476444880793,102
SnO2,equiformer_v2,so3,0,0.75,0.2718996924183383,0.002516848551555103,102
SnO2,equiformer_v2,so3,0,0.7999999999999999,0.2628401501339052,0.0015315179676209662,102
SnO2,equiformer_v2,so3,0,0.85,0.2564040145239943,0.0013721087253462533,102
SnO2,equiformer_v2,so3,0,0.9,0.24815743928354292,0.0017595184784696286,102
SnO2,equiformer_v2,so3,0,0.95,0.23943414193768048,0.001064654169547104,102
SnO2,equiformer_v2,so3,0,1.0,0.23109127696734344,0.0011641818903062148,102
SnO2,equiformer_v2,so3,0,1.0499999999999998,0.22156154486879479,0.001968557738873154,102
SnO2,equiformer_v2,so3,0,1.0999999999999999,0.2131937855583851,0.0022616153987402884,102
SnO2,equiformer_v2,so3,0,1.15,0.20168910321976044,0.0016961403921646485,102
SnO2,equiformer_v2,so3,0,1.2,0.19157369251479822,0.0010297968041107957,102
SnO2,equiformer_v2,so3,1,0.0,0.042504174348503496,0.00021690800343678897,136
SnO2,equiformer_v2,so3,1,0.001,0.04254547175346582,0.0002199213129613632,102
SnO2,equiformer_v2,so3,1,0.0017492711874398425,0.04248194232594531,0.00010906064444807424,102
SnO2,equiformer_v2,so3,1,0.0030599496872071963,0.042489234545810176,0.00029986227879799356,102
SnO2,equiformer_v2,so3,1,0.005352681822847106,0.04265632194716071,0.00037740923186360654,102
SnO2,equiformer_v2,so3,1,0.009363292088239416,0.042747229245379575,0.0003381864786794998,102
SnO2,equiformer_v2,so3,1,0.016378937069540637,0.04341113773585707,0.00039174115874070746,102
SnO2,equiformer_v2,so3,1,0.028651202696637804,0.0458070828078459,0.00038262958116643057,102
SnO2,equiformer_v2,so3,1,0.05,0.05147654268338895,0.0006249951769449231,102
SnO2,equiformer_v2,so3,1,0.05011872336272722,0.052039961404445376,0.0006815949884358126,102
SnO2,equiformer_v2,so3,1,0.1,0.07180964149594002,0.0011116964496276957,102
SnO2,equiformer_v2,so3,1,0.15,0.09678797281963189,0.000820700754750797,102
SnO2,equiformer_v2,so3,1,0.2,0.12449996016816431,0.0007736276529686446,102
SnO2,equiformer_v2,so3,1,0.25,0.2834261624719704,0.001127956373337611,102
SnO2,equiformer_v2,so3,1,0.3,0.27033986085687883,0.001019979117648828,102
SnO2,equiformer_v2,so3,1,0.35,0.2565113762176455,0.000936350530737463,102
SnO2,equiformer_v2,so3,1,0.39999999999999997,0.24318338358118088,0.00034615166065845297,102
SnO2,equiformer_v2,so3,1,0.44999999999999996,0.22987469253710563,0.0011387061422568256,102
SnO2,equiformer_v2,so3,1,0.49999999999999994,0.21889371098517135,0.0009744939587310218,102
SnO2,equiformer_v2,so3,1,0.5499999999999999,0.2074651931395229,0.0012307782740938239,102
SnO2,equiformer_v2,so3,1,0.6,0.1978080036078766,0.0013138964459667806,102
SnO2,equiformer_v2,so3,1,0.65,0.18648618138640022,0.0010811328366159333,102
SnO2,equiformer_v2,so3,1,0.7,0.17612105184626042,0.0023928815816965424,102
SnO2,equiformer_v2,so3,1,0.75,0.16819342527498274,0.0014761375425250737,102
SnO2,equiformer_v2,so3,1,0.7999999999999999,0.16012924875999085,0.0010050314107495398,102
SnO2,equiformer_v2,so3,1,0.85,0.1518442721856174,0.0015347506784595731,102
SnO2,equiformer_v2,so3,1,0.9,0.14597508114910326,0.001454227208231736,102
SnO2,equiformer_v2,so3,1,0.95,0.1404189412744425,0.001626761971501288,102
SnO2,equiformer_v2,so3,1,1.0,0.13300790736577667,0.001095213093056103,102
SnO2,equiformer_v2,so3,1,1.0499999999999998,0.1308524110909574,0.0025587397232149896,102
SnO2,equiformer_v2,so3,1,1.0999999999999999,0.127910019954544,0.002490999756442158,102
SnO2,equiformer_v2,so3,1,1.15,0.1254168499628193,0.002026335948277015,102
SnO2,equiformer_v2,so3,1,1.2,0.12500363088156913,0.0017090345156687658,102
SnO2,equiformer_v2,so3,2,0.0,0.11994080437796069,0.0015155040248591978,136
SnO2,equiformer_v2,so3,2,0.001,0.12019992634894591,0.000674162950074763,102
SnO2,equiformer_v2,so3,2,0.0017492711874398425,0.120451154629444,0.00043474002378754775,102
SnO2,equiformer_v2,so3,2,0.0030599496872071963,0.11981182045287712,0.0006837517265981225,102
SnO2,equiformer_v2,so3,2,0.005352681822847106,0.11968914224577613,0.0004209551173818098,102
SnO2,equiformer_v2,so3,2,0.009363292088239416,0.11916985571480077,0.0009207525350192093,102
SnO2,equiformer_v2,so3,2,0.016378937069540637,0.11964827086391835,0.001051580315923088,102
SnO2,equiformer_v2,so3,2,0.028651202696637804,0.12100934415626781,0.0011569542809868735,102
SnO2,equiformer_v2,so3,2,0.05,0.12282843143002016,0.001067897816301631,102
SnO2,equiformer_v2,so3,2,0.05011872336272722,0.12112062965546944,0.0011793667594569143,102
SnO2,equiformer_v2,so3,2,0.1,0.12727931712562573,0.001998695937770463,102
SnO2,equiformer_v2,so3,2,0.15,0.1368456502707143,0.0019938598483221145,102
SnO2,equiformer_v2,so3,2,0.2,0.14930822017225495,0.0007342654641776763,102
SnO2,equiformer_v2,so3,2,0.25,0.9338488520327022,0.006088093512728821,102
SnO2,equiformer_v2,so3,2,0.3,0.9148208153398594,0.004573296006464143,102
SnO2,equiformer_v2,so3,2,0.35,0.8940819552909266,0.001734925432781004,102
SnO2,equiformer_v2,so3,2,0.39999999999999997,0.8779557046044781,0.001988857057659915,102
SnO2,equiformer_v2,so3,2,0.44999999999999996,0.8559218574826414,0.0063174365561560995,102
SnO2,equiformer_v2,so3,2,0.49999999999999994,0.8413307589651827,0.00418560077341577,102
SnO2,equiformer_v2,so3,2,0.5499999999999999,0.8255712649868403,0.005740409367624791,102
SnO2,equiformer_v2,so3,2,0.6,0.8092668390964818,0.005492052675046944,102
SnO2,equiformer_v2,so3,2,0.65,0.791258177300739,0.0029964607526513417,102
SnO2,equiformer_v2,so3,2,0.7,0.7778088869965818,0.0015055808244383785,102
SnO2,equiformer_v2,so3,2,0.75,0.7599213068430272,0.005919451797066862,102
SnO2,equiformer_v2,so3,2,0.7999999999999999,0.7488601678484521,0.006066480009693237,102
SnO2,equiformer_v2,so3,2,0.85,0.7343850220712822,0.005508579003897764,102
SnO2,equiformer_v2,so3,2,0.9,0.7271501618156209,0.0064396991490086024,102
SnO2,equiformer_v2,so3,2,0.95,0.7141611829813336,0.005682843709768558,102
SnO2,equiformer_v2,so3,2,1.0,0.7036079542052731,0.004148463019987157,102
SnO2,equiformer_v2,so3,2,1.0499999999999998,0.6865345388380233,0.007172663928594976,102
SnO2,equiformer_v2,so3,2,1.0999999999999999,0.6732852130132536,0.005229307002793865,102
SnO2,equiformer_v2,so3,2,1.15,0.6654217384438169,0.004229701104220127,102
SnO2,equiformer_v2,so3,2,1.2,0.6498045316436856,0.008241443930327576,102
SnO2,nequip,o3,0,0.0,1.4720160379511071e-07,0.0,136
SnO2,nequip,o3,0,0.001,0.0003769385803025216,0.0,102
SnO2,nequip,o3,0,0.0017492711874398425,0.0006594597361981869,0.0,102
SnO2,nequip,o3,0,0.0030599496872071963,0.0011539311381056905,0.0,102
SnO2,nequip,o3,0,0.005352681822847106,0.002018189523369074,0.0,102
SnO2,nequip,o3,0,0.009363292088239416,0.0035302164033055305,0.0,102
SnO2,nequip,o3,0,0.016378937069540637,0.006175838876515627,0.0,102
SnO2,nequip,o3,0,0.028651202696637804,0.010803804732859135,0.0,102
SnO2,nequip,o3,0,0.05,0.01885879598557949,0.0,102
SnO2,nequip,o3,0,0.05011872336272722,0.018903670832514763,0.0,102
SnO2,nequip,o3,0,0.1,0.03775995969772339,0.0,102
SnO2,nequip,o3,0,0.15,0.05674611032009125,0.0,102
SnO2,nequip,o3,0,0.2,0.07585905492305756,0.0,102
SnO2,nequip,o3,0,0.25,0.09514244645833969,0.0,102
SnO2,nequip,o3,0,0.3,0.11463811993598938,0.0,102
SnO2,nequip,o3,0,0.35,0.13438904285430908,0.0,102
SnO2,nequip,o3,0,0.39999999999999997,0.1544378399848938,0.0,102
SnO2,nequip,o3,0,0.44999999999999996,0.1748259961605072,0.0,102
SnO2,nequip,o3,0,0.49999999999999994,0.19559574127197266,0.0,102
SnO2,nequip,o3,0,0.5499999999999999,0.21678754687309265,0.0,102
SnO2,nequip,o3,0,0.6,0.23844119906425476,0.0,102
SnO2,nequip,o3,0,0.65,0.2605970799922943,0.0,102
SnO2,nequip,o3,0,0.7,0.2832927405834198,0.0,102
SnO2,nequip,o3,0,0.75,0.3065662980079651,0.0,102
SnO2,nequip,o3,0,0.7999999999999999,0.3304537534713745,0.0,102
SnO2,nequip,o3,0,0.85,0.35499072074890137,0.0,102
SnO2,nequip,o3,0,0.9,0.3802121877670288,0.0,102
SnO2,nequip,o3,0,0.95,0.4061523377895355,0.0,102
SnO2,nequip,o3,0,1.0,0.4328451156616211,0.0,102
SnO2,nequip,o3,0,1.0499999999999998,0.4603245258331299,0.0,102
SnO2,nequip,o3,0,1.0999999999999999,0.48862552642822266,0.0,102
SnO2,nequip,o3,0,1.15,0.5177825689315796,0.0,102
SnO2,nequip,o3,0,1.2,0.5478325486183167,0.0,102
SnO2,nequip,o3,1,0.0,2.366014228982749e-07,0.0,136
SnO2,nequip,o3,1,0.001,0.00037921342300251126,0.0,102
SnO2,nequip,o3,1,0.0017492711874398425,0.0006625890964642167,0.0,102
SnO2,nequip,o3,1,0.0030599496872071963,0.0011595592368394136,0.0,102
SnO2,nequip,o3,1,0.005352681822847106,0.0020282126497477293,0.0,102
SnO2,nequip,o3,1,0.009363292088239416,0.003548010950908065,0.0,102
SnO2,nequip,o3,1,0.016378937069540637,0.006204777397215366,0.0,102
SnO2,nequip,o3,1,0.028651202696637804,0.010847407393157482,0.0,102
SnO2,nequip,o3,1,0.05,0.018896061927080154,0.0,102
SnO2,nequip,o3,1,0.05011872336272722,0.01894112303853035,0.0,102
SnO2,nequip,o3,1,0.1,0.037491753697395325,0.0,102
SnO2,nequip,o3,1,0.15,0.055492304265499115,0.0,102
SnO2,nequip,o3,1,0.2,0.07261355966329575,0.0,102
SnO2,nequip,o3,1,0.25,0.08858752250671387,0.0,102
SnO2,nequip,o3,1,0.3,0.10316986590623856,0.0,102
SnO2,nequip,o3,1,0.35,0.11614540219306946,0.0,102
SnO2,nequip,o3,1,0.39999999999999997,0.12733577191829681,0.0,102
SnO2,nequip,o3,1,0.44999999999999996,0.13660928606987,0.0,102
SnO2,nequip,o3,1,0.49999999999999994,0.1438928246498108,0.0,102
SnO2,nequip,o3,1,0.5499999999999999,0.14918306469917297,0.0,102
SnO2,nequip,o3,1,0.6,0.15257249772548676,0.0,102
SnO2,nequip,o3,1,0.65,0.15426766872406006,0.0,102
SnO2,nequip,o3,1,0.7,0.15462714433670044,0.0,102
SnO2,nequip,o3,1,0.75,0.15420001745224,0.0,102
SnO2,nequip,o3,1,0.7999999999999999,0.15376044809818268,0.0,102
SnO2,nequip,o3,1,0.85,0.15432284772396088,0.0,102
SnO2,nequip,o3,1,0.9,0.15708738565444946,0.0,102
SnO2,nequip,o3,1,0.95,0.16329097747802734,0.0,102
SnO2,nequip,o3,1,1.0,0.173972025513649,0.0,102
SnO2,nequip,o3,1,1.0499999999999998,0.18975929915905,0.0,102
SnO2,nequip,o3,1,1.0999999999999999,0.2108050435781479,0.0,102
SnO2,nequip,o3,1,1.15,0.23687876760959625,0.0,102
SnO2,nequip,o3,1,1.2,0.267528235912323,0.0,102
SnO2,nequip,o3,2,0.0,1.1726400117595404e-07,0.0,136
SnO2,nequip,o3,2,0.001,0.0005893289926461875,0.0,102
SnO2,nequip,o3,2,0.0017492711874398425,0.001030442537739873,0.0,102
SnO2,nequip,o3,2,0.0030599496872071963,0.001802819431759417,0.0,102
SnO2,nequip,o3,2,0.005352681822847106,0.0031536526512354612,0.0,102
SnO2,nequip,o3,2,0.009363292088239416,0.005516570992767811,0.0,102
SnO2,nequip,o3,2,0.016378937069540637,0.009649693965911865,0.0,102
SnO2,nequip,o3,2,0.028651202696637804,0.016878793016076088,0.0,102
SnO2,nequip,o3,2,0.05,0.02944820374250412,0.0,102
SnO2,nequip,o3,2,0.05011872336272722,0.029518401250243187,0.0,102
SnO2,nequip,o3,2,0.1,0.05883149430155754,0.0,102
SnO2,nequip,o3,2,0.15,0.08808480948209763,0.0,102
SnO2,nequip,o3,2,0.2,0.1171446368098259,0.0,102
SnO2,nequip,o3,2,0.25,0.14594820141792297,0.0,102
SnO2,nequip,o3,2,0.3,0.17443335056304932,0.0,102
SnO2,nequip,o3,2,0.35,0.20254263281822205,0.0,102
SnO2,nequip,o3,2,0.39999999999999997,0.23021802306175232,0.0,102
SnO2,nequip,o3,2,0.44999999999999996,0.25740566849708557,0.0,102
SnO2,nequip,o3,2,0.49999999999999994,0.2840540409088135,0.0,102
SnO2,nequip,o3,2,0.5499999999999999,0.3101142644882202,0.0,102
SnO2,nequip,o3,2,0.6,0.3355412185192108,0.0,102
SnO2,nequip,o3,2,0.65,0.3602926731109619,0.0,102
SnO2,nequip,o3,2,0.7,0.3843283951282501,0.0,102
SnO2,nequip,o3,2,0.75,0.40761247277259827,0.0,102
SnO2,nequip,o3,2,0.7999999999999999,0.4301114082336426,0.0,102
SnO2,nequip,o3,2,0.85,0.45179441571235657,0.0,102
SnO2,nequip,o3,2,0.9,0.4726322591304779,0.0,102
SnO2,nequip,o3,2,0.95,0.49260038137435913,0.0,102
SnO2,nequip,o3,2,1.0,0.5116739273071289,0.0,102
SnO2,nequip,o3,2,1.0499999999999998,0.5298309326171875,0.0,102
SnO2,nequip,o3,2,1.0999999999999999,0.547051191329956,0.0,102
SnO2,nequip,o3,2,1.15,0.5633154511451721,0.0,102
SnO2,nequip,o3,2,1.2,0.5786062479019165,0.0,102
SnO2,nequip,so3,0,0.0,0.09258083999156952,0.0,136
SnO2,nequip,so3,0,0.001,0.09258152544498444,0.0,102
SnO2,nequip,so3,0,0.0017492711874398425,0.09258288890123367,0.0,102
SnO2,nequip,so3,0,0.0030599496872071963,0.09258690476417542,0.0,102
SnO2,nequip,so3,0,0.005352681822847106,0.09259948134422302,0.0,102
SnO2,nequip,so3,0,0.009363292088239416,0.09263794869184494,0.0,102
SnO2,nequip,so3,0,0.016378937069540637,0.09275497496128082,0.0,102
SnO2,nequip,so3,0,0.028651202696637804,0.09311246871948242,0.0,102
SnO2,nequip,so3,0,0.05,0.09418869018554688,0.0,102
SnO2,nequip,so3,0,0.05011872336272722,0.09419623762369156,0.0,102
SnO2,nequip,so3,0,0.1,0.09882122278213501,0.0,102
SnO2,nequip,so3,0,0.15,0.10599180310964584,0.0,102
SnO2,nequip,so3,0,0.2,0.11509079486131668,0.0,102
SnO2,nequip,so3,0,0.25,0.12552925944328308,0.0,102
SnO2,nequip,so3,0,0.3,0.13681083917617798,0.0,102
SnO2,nequip,so3,0,0.35,0.1485423743724823,0.0,102
SnO2,nequip,so3,0,0.39999999999999997,0.16042089462280273,0.0,102
SnO2,nequip,so3,0,0.44999999999999996,0.1722179800271988,0.0,102
SnO2,nequip,so3,0,0.49999999999999994,0.1837616115808487,0.0,102
SnO2,nequip,so3,0,0.5499999999999999,0.19492599368095398,0.0,102
SnO2,nequip,so3,0,0.6,0.20562373101711273,0.0,102
SnO2,nequip,so3,0,0.65,0.21580123901367188,0.0,102
SnO2,nequip,so3,0,0.7,0.22543306648731232,0.0,102
SnO2,nequip,so3,0,0.75,0.23452435433864594,0.0,102
SnO2,nequip,so3,0,0.7999999999999999,0.24310646951198578,0.0,102
SnO2,nequip,so3,0,0.85,0.25123971700668335,0.0,102
SnO2,nequip,so3,0,0.9,0.259010910987854,0.0,102
SnO2,nequip,so3,0,0.95,0.26653480529785156,0.0,102
SnO2,nequip,so3,0,1.0,0.27395278215408325,0.0,102
SnO2,nequip,so3,0,1.0499999999999998,0.2814316153526306,0.0,102
SnO2,nequip,so3,0,1.0999999999999999,0.2891603112220764,0.0,102
SnO2,nequip,so3,0,1.15,0.297346830368042,0.0,102
SnO2,nequip,so3,0,1.2,0.30621230602264404,0.0,102
SnO2,nequip,so3,1,0.0,0.36679211258888245,0.0,136
SnO2,nequip,so3,1,0.001,0.36679306626319885,0.0,102
SnO2,nequip,so3,1,0.0017492711874398425,0.3667951822280884,0.0,102
SnO2,nequip,so3,1,0.0030599496872071963,0.3668012022972107,0.0,102
SnO2,nequip,so3,1,0.005352681822847106,0.3668200373649597,0.0,102
SnO2,nequip,so3,1,0.009363292088239416,0.36687782406806946,0.0,102
SnO2,nequip,so3,1,0.016378937069540637,0.36705419421195984,0.0,102
SnO2,nequip,so3,1,0.028651202696637804,0.36759331822395325,0.0,102
SnO2,nequip,so3,1,0.05,0.36922553181648254,0.0,102
SnO2,nequip,so3,1,0.05011872336272722,0.36923691630363464,0.0,102
SnO2,nequip,so3,1,0.1,0.376395583152771,0.0,102
SnO2,nequip,so3,1,0.15,0.3879361152648926,0.0,102
SnO2,nequip,so3,1,0.2,0.403308629989624,0.0,102
SnO2,nequip,so3,1,0.25,0.4218780994415283,0.0,102
SnO2,nequip,so3,1,0.3,0.44298574328422546,0.0,102
SnO2,nequip,so3,1,0.35,0.46599575877189636,0.0,102
SnO2,nequip,so3,1,0.39999999999999997,0.49032652378082275,0.0,102
SnO2,nequip,so3,1,0.44999999999999996,0.5154603123664856,0.0,102
SnO2,nequip,so3,1,0.49999999999999994,0.5409467220306396,0.0,102
SnO2,nequip,so3,1,0.5499999999999999,0.5663970708847046,0.0,102
SnO2,nequip,so3,1,0.6,0.5914776921272278,0.0,102
SnO2,nequip,so3,1,0.65,0.6159048676490784,0.0,102
SnO2,nequip,so3,1,0.7,0.6394367814064026,0.0,102
SnO2,nequip,so3,1,0.75,0.6618689894676208,0.0,102
SnO2,nequip,so3,1,0.7999999999999999,0.6830291152000427,0.0,102
SnO2,nequip,so3,1,0.85,0.7027741074562073,0.0,102
SnO2,nequip,so3,1,0.9,0.7209869027137756,0.0,102
SnO2,nequip,so3,1,0.95,0.7375744581222534,0.0,102
SnO2,nequip,so3,1,1.0,0.752465546131134,0.0,102
SnO2,nequip,so3,1,1.0499999999999998,0.7656098008155823,0.0,102
SnO2,nequip,so3,1,1.0999999999999999,0.7769746780395508,0.0,102
SnO2,nequip,so3,1,1.15,0.7865487933158875,0.0,102
SnO2,nequip,so3,1,1.2,0.7943357229232788,0.0,102
SnO2,nequip,so3,2,0.0,0.11288086324930191,0.0,136
SnO2,nequip,so3,2,0.001,0.11288181692361832,0.0,102
SnO2,nequip,so3,2,0.0017492711874398425,0.11288370937108994,0.0,102
SnO2,nequip,so3,2,0.0030599496872071963,0.11288951337337494,0.0,102
SnO2,nequip,so3,2,0.005352681822847106,0.1129072979092598,0.0,102
SnO2,nequip,so3,2,0.009363292088239416,0.11296183615922928,0.0,102
SnO2,nequip,so3,2,0.016378937069540637,0.11312836408615112,0.0,102
SnO2,nequip,so3,2,0.028651202696637804,0.11363628506660461,0.0,102
SnO2,nequip,so3,2,0.05,0.11516457796096802,0.0,102
SnO2,nequip,so3,2,0.05011872336272722,0.11517535150051117,0.0,102
SnO2,nequip,so3,2,0.1,0.12173881381750107,0.0,102
SnO2,nequip,so3,2,0.15,0.13190755248069763,0.0,102
SnO2,nequip,so3,2,0.2,0.14483371376991272,0.0,102
SnO2,nequip,so3,2,0.25,0.15974929928779602,0.0,102
SnO2,nequip,so3,2,0.3,0.1760382205247879,0.0,102
SnO2,nequip,so3,2,0.35,0.19323918223381042,0.0,102
SnO2,nequip,so3,2,0.39999999999999997,0.21101567149162292,0.0,102
SnO2,nequip,so3,2,0.44999999999999996,0.22912564873695374,0.0,102
SnO2,nequip,so3,2,0.49999999999999994,0.2473972737789154,0.0,102
SnO2,nequip,so3,2,0.5499999999999999,0.265709787607193,0.0,102
SnO2,nequip,so3,2,0.6,0.28398141264915466,0.0,102
SnO2,nequip,so3,2,0.65,0.30216121673583984,0.0,102
SnO2,nequip,so3,2,0.7,0.3202211856842041,0.0,102
SnO2,nequip,so3,2,0.75,0.33815377950668335,0.0,102
SnO2,nequip,so3,2,0.7999999999999999,0.3559666574001312,0.0,102
SnO2,nequip,so3,2,0.85,0.3736800253391266,0.0,102
SnO2,nequip,so3,2,0.9,0.39132413268089294,0.0,102
SnO2,nequip,so3,2,0.95,0.4089367091655731,0.0,102
SnO2,nequip,so3,2,1.0,0.42656010389328003,0.0,102
SnO2,nequip,so3,2,1.0499999999999998,0.4442386031150818,0.0,102
SnO2,nequip,so3,2,1.0999999999999999,0.4620177447795868,0.0,102
SnO2,nequip,so3,2,1.15,0.47993943095207214,0.0,102
SnO2,nequip,so3,2,1.2,0.4980408549308777,0.0,102
TiO2_anatase,allegro,o3,0,0.0,1.164716820767353e-07,0.0,141
TiO2_anatase,allegro,o3,0,0.001,0.0016368875512853265,0.0,109
TiO2_anatase,allegro,o3,0,0.0017492711874398425,0.0028632234316319227,0.0,109
TiO2_anatase,allegro,o3,0,0.0030599496872071963,0.005009161774069071,0.0,109
TiO2_anatase,allegro,o3,0,0.005352681822847106,0.008762122131884098,0.0,109
TiO2_anatase,allegro,o3,0,0.009363292088239416,0.01532609760761261,0.0,109
TiO2_anatase,allegro,o3,0,0.016378937069540637,0.026806499809026718,0.0,109
TiO2_anatase,allegro,o3,0,0.028651202696637804,0.04687904193997383,0.0,109
TiO2_anatase,allegro,o3,0,0.05,0.08173848688602448,0.0,109
TiO2_anatase,allegro,o3,0,0.05011872336272722,0.08193127810955048,0.0,109
TiO2_anatase,allegro,o3,0,0.1,0.16283108294010162,0.0,109
TiO2_anatase,allegro,o3,0,0.15,0.24263416230678558,0.0,109
TiO2_anatase,allegro,o3,0,0.2,0.3204967975616455,0.0,109
TiO2_anatase,allegro,o3,0,0.25,0.3957667946815491,0.0,109
TiO2_anatase,allegro,o3,0,0.3,0.4677809178829193,0.0,109
TiO2_anatase,allegro,o3,0,0.35,0.5358641743659973,0.0,109
TiO2_anatase,allegro,o3,0,0.39999999999999997,0.5993297100067139,0.0,109
TiO2_anatase,allegro,o3,0,0.44999999999999996,0.6574558615684509,0.0,109
TiO2_anatase,allegro,o3,0,0.49999999999999994,0.7095080018043518,0.0,109
TiO2_anatase,allegro,o3,0,0.5499999999999999,0.7547070980072021,0.0,109
TiO2_anatase,allegro,o3,0,0.6,0.7922378778457642,0.0,109
TiO2_anatase,allegro,o3,0,0.65,0.8212413191795349,0.0,109
TiO2_anatase,allegro,o3,0,0.7,0.8408214449882507,0.0,109
TiO2_anatase,allegro,o3,0,0.75,0.8500478267669678,0.0,109
TiO2_anatase,allegro,o3,0,0.7999999999999999,0.8479771018028259,0.0,109
TiO2_anatase,allegro,o3,0,0.85,0.833681046962738,0.0,109
TiO2_anatase,allegro,o3,0,0.9,0.8063178062438965,0.0,109
TiO2_anatase,allegro,o3,0,0.95,0.765243649482727,0.0,109
TiO2_anatase,allegro,o3,0,1.0,0.7102261185646057,0.0,109
TiO2_anatase,allegro,o3,0,1.0499999999999998,0.6419050097465515,0.0,109
TiO2_anatase,allegro,o3,0,1.0999999999999999,0.5627779960632324,0.0,109
TiO2_anatase,allegro,o3,0,1.15,0.4796282947063446,0.0,109
TiO2_anatase,allegro,o3,0,1.2,0.409084677696228,0.0,109
TiO2_anatase,allegro,o3,1,0.0,3.1637117103855417e-07,0.0,141
TiO2_anatase,allegro,o3,1,0.001,0.0007943508680909872,0.0,109
TiO2_anatase,allegro,o3,1,0.0017492711874398425,0.0013896592427045107,0.0,109
TiO2_anatase,allegro,o3,1,0.0030599496872071963,0.0024330129381269217,0.0,109
TiO2_anatase,allegro,o3,1,0.005352681822847106,0.004256404470652342,0.0,109
TiO2_anatase,allegro,o3,1,0.009363292088239416,0.007444293238222599,0.0,109
TiO2_anatase,allegro,o3,1,0.016378937069540637,0.013021815568208694,0.0,109
TiO2_anatase,allegro,o3,1,0.028651202696637804,0.02276800014078617,0.0,109
TiO2_anatase,allegro,o3,1,0.05,0.03969883918762207,0.0,109
TiO2_anatase,allegro,o3,1,0.05011872336272722,0.03979127109050751,0.0,109
TiO2_anatase,allegro,o3,1,0.1,0.07906963676214218,0.0,109
TiO2_anatase,allegro,o3,1,0.15,0.11779497563838959,0.0,109
TiO2_anatase,allegro,o3,1,0.2,0.15555259585380554,0.0,109
TiO2_anatase,allegro,o3,1,0.25,0.19203826785087585,0.0,109
TiO2_anatase,allegro,o3,1,0.3,0.22695603966712952,0.0,109
TiO2_anatase,allegro,o3,1,0.35,0.2600191533565521,0.0,109
TiO2_anatase,allegro,o3,1,0.39999999999999997,0.29096555709838867,0.0,109
TiO2_anatase,allegro,o3,1,0.44999999999999996,0.3195526599884033,0.0,109
TiO2_anatase,allegro,o3,1,0.49999999999999994,0.34555938839912415,0.0,109
TiO2_anatase,allegro,o3,1,0.5499999999999999,0.3688054084777832,0.0,109
TiO2_anatase,allegro,o3,1,0.6,0.38913270831108093,0.0,109
TiO2_anatase,allegro,o3,1,0.65,0.4064350724220276,0.0,109
TiO2_anatase,allegro,o3,1,0.7,0.42066124081611633,0.0,109
TiO2_anatase,allegro,o3,1,0.75,0.4318103790283203,0.0,109
TiO2_anatase,allegro,o3,1,0.7999999999999999,0.439959317445755,0.0,109
TiO2_anatase,allegro,o3,1,0.85,0.44525864720344543,0.0,109
TiO2_anatase,allegro,o3,1,0.9,0.4479534924030304,0.0,109
TiO2_anatase,allegro,o3,1,0.95,0.44837629795074463,0.0,109
TiO2_anatase,allegro,o3,1,1.0,0.44695600867271423,0.0,109
TiO2_anatase,allegro,o3,1,1.0499999999999998,0.44420701265335083,0.0,109
TiO2_anatase,allegro,o3,1,1.0999999999999999,0.4407186508178711,0.0,109
TiO2_anatase,allegro,o3,1,1.15,0.43711331486701965,0.0,109
TiO2_anatase,allegro,o3,1,1.2,0.4340151846408844,0.0,109
TiO2_anatase,allegro,o3,2,0.0,3.7931246765765536e-07,0.0,141
TiO2_anatase,allegro,o3,2,0.001,0.003527003340423107,0.0,109
TiO2_anatase,allegro,o3,2,0.0017492711874398425,0.006169574800878763,0.0,109
TiO2_anatase,allegro,o3,2,0.0030599496872071963,0.010792731307446957,0.0,109
TiO2_anatase,allegro,o3,2,0.005352681822847106,0.01887921243906021,0.0,109
TiO2_anatase,allegro,o3,2,0.009363292088239416,0.03302541375160217,0.0,109
TiO2_anatase,allegro,o3,2,0.016378937069540637,0.05777102708816528,0.0,109
TiO2_anatase,allegro,o3,2,0.028651202696637804,0.10104762017726898,0.0,109
TiO2_anatase,allegro,o3,2,0.05,0.17630556225776672,0.0,109
TiO2_anatase,allegro,o3,2,0.05011872336272722,0.17672298848628998,0.0,109
TiO2_anatase,allegro,o3,2,0.1,0.35230153799057007,0.0,109
TiO2_anatase,allegro,o3,2,0.15,0.5276769399642944,0.0,109
TiO2_anatase,allegro,o3,2,0.2,0.7021291255950928,0.0,109
TiO2_anatase,allegro,o3,2,0.25,0.875360369682312,0.0,109
TiO2_anatase,allegro,o3,2,0.3,1.0470799207687378,0.0,109
TiO2_anatase,allegro,o3,2,0.35,1.217002272605896,0.0,109
TiO2_anatase,allegro,o3,2,0.39999999999999997,1.3848518133163452,0.0,109
TiO2_anatase,allegro,o3,2,0.44999999999999996,1.5503648519515991,0.0,109
TiO2_anatase,allegro,o3,2,0.49999999999999994,1.713272213935852,0.0,109
TiO2_anatase,allegro,o3,2,0.5499999999999999,1.8733330965042114,0.0,109
TiO2_anatase,allegro,o3,2,0.6,2.0302908420562744,0.0,109
TiO2_anatase,allegro,o3,2,0.65,2.183915138244629,0.0,109
TiO2_anatase,allegro,o3,2,0.7,2.333986520767212,0.0,109
TiO2_anatase,allegro,o3,2,0.75,2.480283260345459,0.0,109
TiO2_anatase,allegro,o3,2,0.7999999999999999,2.6226253509521484,0.0,109
TiO2_anatase,allegro,o3,2,0.85,2.7608449459075928,0.0,109
TiO2_anatase,allegro,o3,2,0.9,2.8948004245758057,0.0,109
TiO2_anatase,allegro,o3,2,0.95,3.024395704269409,0.0,109
TiO2_anatase,allegro,o3,2,1.0,3.149538993835449,0.0,109
TiO2_anatase,allegro,o3,2,1.0499999999999998,3.27020263671875,0.0,109
TiO2_anatase,allegro,o3,2,1.0999999999999999,3.3863911628723145,0.0,109
TiO2_anatase,allegro,o3,2,1.15,3.49812650680542,0.0,109
TiO2_anatase,allegro,o3,2,1.2,3.605489730834961,0.0,109
TiO2_anatase,allegro,so3,0,0.0,0.32068368792533875,0.0,141
TiO2_anatase,allegro,so3,0,0.001,0.32068854570388794,0.0,109
TiO2_anatase,allegro,so3,0,0.0017492711874398425,0.32069894671440125,0.0,109
TiO2_anatase,allegro,so3,0,0.0030599496872071963,0.32073163986206055,0.0,109
TiO2_anatase,allegro,so3,0,0.005352681822847106,0.3208305239677429,0.0,109
TiO2_anatase,allegro,so3,0,0.009363292088239416,0.3211365342140198,0.0,109
TiO2_anatase,allegro,so3,0,0.016378937069540637,0.32206690311431885,0.0,109
TiO2_anatase,allegro,so3,0,0.028651202696637804,0.32490184903144836,0.0,109
TiO2_anatase,allegro,so3,0,0.05,0.3333655893802643,0.0,109
TiO2_anatase,allegro,so3,0,0.05011872336272722,0.33342477679252625,0.0,109
TiO2_anatase,allegro,so3,0,0.1,0.3688156306743622,0.0,109
TiO2_anatase,allegro,so3,0,0.15,0.42134496569633484,0.0,109
TiO2_anatase,allegro,so3,0,0.2,0.48546102643013,0.0,109
TiO2_anatase,allegro,so3,0,0.25,0.5571852326393127,0.0,109
TiO2_anatase,allegro,so3,0,0.3,0.6339226365089417,0.0,109
TiO2_anatase,allegro,so3,0,0.35,0.714006245136261,0.0,109
TiO2_anatase,allegro,so3,0,0.39999999999999997,0.7963393330574036,0.0,109
TiO2_anatase,allegro,so3,0,0.44999999999999996,0.8801578879356384,0.0,109
TiO2_anatase,allegro,so3,0,0.49999999999999994,0.9649076461791992,0.0,109
TiO2_anatase,allegro,so3,0,0.5499999999999999,1.050168752670288,0.0,109
TiO2_anatase,allegro,so3,0,0.6,1.1356103420257568,0.0,109
TiO2_anatase,allegro,so3,0,0.65,1.2209768295288086,0.0,109
TiO2_anatase,allegro,so3,0,0.7,1.3061039447784424,0.0,109
TiO2_anatase,allegro,so3,0,0.75,1.3908971548080444,0.0,109
TiO2_anatase,allegro,so3,0,0.7999999999999999,1.4753798246383667,0.0,109
TiO2_anatase,allegro,so3,0,0.85,1.5596967935562134,0.0,109
TiO2_anatase,allegro,so3,0,0.9,1.6441409587860107,0.0,109
TiO2_anatase,allegro,so3,0,0.95,1.7291865348815918,0.0,109
TiO2_anatase,allegro,so3,0,1.0,1.815489411354065,0.0,109
TiO2_anatase,allegro,so3,0,1.0499999999999998,1.9039002656936646,0.0,109
TiO2_anatase,allegro,so3,0,1.0999999999999999,1.9954625368118286,0.0,109
TiO2_anatase,allegro,so3,0,1.15,2.091369390487671,0.0,109
TiO2_anatase,allegro,so3,0,1.2,2.1929216384887695,0.0,109
TiO2_anatase,allegro,so3,1,0.0,1.2525955438613892,0.0,141
TiO2_anatase,allegro,so3,1,0.001,1.2525975704193115,0.0,109
TiO2_anatase,allegro,so3,1,0.0017492711874398425,1.252602219581604,0.0,109
TiO2_anatase,allegro,so3,1,0.0030599496872071963,1.2526166439056396,0.0,109
TiO2_anatase,allegro,so3,1,0.005352681822847106,1.2526557445526123,0.0,109
TiO2_anatase,allegro,so3,1,0.009363292088239416,1.2527785301208496,0.0,109
TiO2_anatase,allegro,so3,1,0.016378937069540637,1.2531543970108032,0.0,109
TiO2_anatase,allegro,so3,1,0.028651202696637804,1.2543045282363892,0.0,109
TiO2_anatase,allegro,so3,1,0.05,1.2577834129333496,0.0,109
TiO2_anatase,allegro,so3,1,0.05011872336272722,1.2578080892562866,0.0,109
TiO2_anatase,allegro,so3,1,0.1,1.273139476776123,0.0,109
TiO2_anatase,allegro,so3,1,0.15,1.2980695962905884,0.0,109
TiO2_anatase,allegro,so3,1,0.2,1.3316690921783447,0.0,109
TiO2_anatase,allegro,so3,1,0.25,1.3728134632110596,0.0,109
TiO2_anatase,allegro,so3,1,0.3,1.4202712774276733,0.0,109
TiO2_anatase,allegro,so3,1,0.35,1.4727805852890015,0.0,109
TiO2_anatase,allegro,so3,1,0.39999999999999997,1.5291283130645752,0.0,109
TiO2_anatase,allegro,so3,1,0.44999999999999996,1.5881901979446411,0.0,109
TiO2_anatase,allegro,so3,1,0.49999999999999994,1.6489548683166504,0.0,109
TiO2_anatase,allegro,so3,1,0.5499999999999999,1.7105342149734497,0.0,109
TiO2_anatase,allegro,so3,1,0.6,1.7721644639968872,0.0,109
TiO2_anatase,allegro,so3,1,0.65,1.8331996202468872,0.0,109
TiO2_anatase,allegro,so3,1,0.7,1.8930946588516235,0.0,109
TiO2_anatase,allegro,so3,1,0.75,1.9514163732528687,0.0,109
TiO2_anatase,allegro,so3,1,0.7999999999999999,2.00780987739563,0.0,109
TiO2_anatase,allegro,so3,1,0.85,2.0619988441467285,0.0,109
TiO2_anatase,allegro,so3,1,0.9,2.113790273666382,0.0,109
TiO2_anatase,allegro,so3,1,0.95,2.1630325317382812,0.0,109
TiO2_anatase,allegro,so3,1,1.0,2.209648370742798,0.0,109
TiO2_anatase,allegro,so3,1,1.0499999999999998,2.253605365753174,0.0,109
TiO2_anatase,allegro,so3,1,1.0999999999999999,2.294914722442627,0.0,109
TiO2_anatase,allegro,so3,1,1.15,2.3336400985717773,0.0,109
TiO2_anatase,allegro,so3,1,1.2,2.369874954223633,0.0,109
TiO2_anatase,allegro,so3,2,0.0,0.03802210092544556,0.0,141
TiO2_anatase,allegro,so3,2,0.001,0.03819994255900383,0.0,109
TiO2_anatase,allegro,so3,2,0.0017492711874398425,0.03856467828154564,0.0,109
TiO2_anatase,allegro,so3,2,0.0030599496872071963,0.039659883826971054,0.0,109
TiO2_anatase,allegro,so3,2,0.005352681822847106,0.04283658787608147,0.0,109
TiO2_anatase,allegro,so3,2,0.009363292088239416,0.05135020986199379,0.0,109
TiO2_anatase,allegro,so3,2,0.016378937069540637,0.07134407013654709,0.0,109
TiO2_anatase,allegro,so3,2,0.028651202696637804,0.11220935732126236,0.0,109
TiO2_anatase,allegro,so3,2,0.05,0.1879623979330063,0.0,109
TiO2_anatase,allegro,so3,2,0.05011872336272722,0.18838989734649658,0.0,109
TiO2_anatase,allegro,so3,2,0.1,0.3686877191066742,0.0,109
TiO2_anatase,allegro,so3,2,0.15,0.5478325486183167,0.0,109
TiO2_anatase,allegro,so3,2,0.2,0.7230183482170105,0.0,109
TiO2_anatase,allegro,so3,2,0.25,0.8926408886909485,0.0,109
TiO2_anatase,allegro,so3,2,0.3,1.0552384853363037,0.0,109
TiO2_anatase,allegro,so3,2,0.35,1.2094136476516724,0.0,109
TiO2_anatase,allegro,so3,2,0.39999999999999997,1.3538349866867065,0.0,109
TiO2_anatase,allegro,so3,2,0.44999999999999996,1.4872281551361084,0.0,109
TiO2_anatase,allegro,so3,2,0.49999999999999994,1.60841965675354,0.0,109
TiO2_anatase,allegro,so3,2,0.5499999999999999,1.7163389921188354,0.0,109
TiO2_anatase,allegro,so3,2,0.6,1.8100537061691284,0.0,109
TiO2_anatase,allegro,so3,2,0.65,1.8887945413589478,0.0,109
TiO2_anatase,allegro,so3,2,0.7,1.9519814252853394,0.0,109
TiO2_anatase,allegro,so3,2,0.75,1.9992539882659912,0.0,109
TiO2_anatase,allegro,so3,2,0.7999999999999999,2.030485153198242,0.0,109
TiO2_anatase,allegro,so3,2,0.85,2.045807123184204,0.0,109
TiO2_anatase,allegro,so3,2,0.9,2.0456173419952393,0.0,109
TiO2_anatase,allegro,so3,2,0.95,2.030606269836426,0.0,109
TiO2_anatase,allegro,so3,2,1.0,2.00175142288208,0.0,109
TiO2_anatase,allegro,so3,2,1.0499999999999998,1.960350751876831,0.0,109
TiO2_anatase,allegro,so3,2,1.0999999999999999,1.90801203250885,0.0,109
TiO2_anatase,allegro,so3,2,1.15,1.8466789722442627,0.0,109
TiO2_anatase,allegro,so3,2,1.2,1.7786529064178467,0.0,109
TiO2_anatase,equiformer_v2,so3,0,0.0,0.6989243106239211,0.0032090780052509123,141
TiO2_anatase,equiformer_v2,so3,0,0.001,0.6974514593714469,0.0021096453119067915,109
TiO2_anatase,equiformer_v2,so3,0,0.0017492711874398425,0.6946089837911424,0.0018106293420225798,109
TiO2_anatase,equiformer_v2,so3,0,0.0030599496872071963,0.6969997135362866,0.0037093727808501925,109
TiO2_anatase,equiformer_v2,so3,0,0.005352681822847106,0.7007925062275607,0.002438275946897378,109
TiO2_anatase,equiformer_v2,so3,0,0.009363292088239416,0.6992137079742069,0.004758060963381078,109
TiO2_anatase,equiformer_v2,so3,0,0.016378937069540637,0.694908543198069,0.004400456742934187,109
TiO2_anatase,equiformer_v2,so3,0,0.028651202696637804,0.7024712987248722,0.004033803967440247,109
TiO2_anatase,equiformer_v2,so3,0,0.05,0.6971227180844521,0.0033236356978796513,109
TiO2_anatase,equiformer_v2,so3,0,0.05011872336272722,0.697362724804511,0.004497411798463842,109
TiO2_anatase,equiformer_v2,so3,0,0.1,0.6997899192588309,0.0030117513971482297,109
TiO2_anatase,equiformer_v2,so3,0,0.15,0.7082887154608457,0.006020135125766883,109
TiO2_anatase,equiformer_v2,so3,0,0.2,0.7176721042361132,0.0035085979890657616,109
TiO2_anatase,equiformer_v2,so3,0,0.25,0.7203878964777847,0.007783877770576277,109
TiO2_anatase,equiformer_v2,so3,0,0.3,0.7331210338564633,0.004273209500494423,109
TiO2_anatase,equiformer_v2,so3,0,0.35,0.743114640553185,0.007118830651402724,109
TiO2_anatase,equiformer_v2,so3,0,0.39999999999999997,0.7561465648316815,0.00534976944667736,109
TiO2_anatase,equiformer_v2,so3,0,0.44999999999999996,0.778373754695928,0.004621753241358059,109
TiO2_anatase,equiformer_v2,so3,0,0.49999999999999994,0.7992016889822168,0.0030543904924443094,109
TiO2_anatase,equiformer_v2,so3,0,0.5499999999999999,0.8149890283461663,0.006425256923861278,109
TiO2_anatase,equiformer_v2,so3,0,0.6,0.8432788759494535,0.005865511614467894,109
TiO2_anatase,equiformer_v2,so3,0,0.65,0.865886122058152,0.004623241579928675,109
TiO2_anatase,equiformer_v2,so3,0,0.7,0.8967388187147858,0.008260443211182859,109
TiO2_anatase,equiformer_v2,so3,0,0.75,0.9232040439320203,0.008395653247796304,109
TiO2_anatase,equiformer_v2,so3,0,0.7999999999999999,0.9548736799538601,0.010337354859361322,109
TiO2_anatase,equiformer_v2,so3,0,0.85,0.994972853125466,0.007291613581597968,109
TiO2_anatase,equiformer_v2,so3,0,0.9,1.0324771416361906,0.008313785905264036,109
TiO2_anatase,equiformer_v2,so3,0,0.95,1.073033007439367,0.008006731307172015,109
TiO2_anatase,equiformer_v2,so3,0,1.0,1.1104534061492148,0.00651154355989456,109
TiO2_anatase,equiformer_v2,so3,0,1.0499999999999998,1.1569786394563644,0.005964398738425548,109
TiO2_anatase,equiformer_v2,so3,0,1.0999999999999999,1.1993781862294477,0.004836076138027502,109
TiO2_anatase,equiformer_v2,so3,0,1.15,1.2478435957967509,0.006275445171610391,109
TiO2_anatase,equiformer_v2,so3,0,1.2,1.3007502305970762,0.013042944250858212,109
TiO2_anatase,equiformer_v2,so3,1,0.0,0.880044778117602,0.004459256526715186,141
TiO2_anatase,equiformer_v2,so3,1,0.001,0.8815521969245707,0.0042756070158386965,109
TiO2_anatase,equiformer_v2,so3,1,0.0017492711874398425,0.881958056252919,0.004311508844155217,109
TiO2_anatase,equiformer_v2,so3,1,0.0030599496872071963,0.8817627295995148,0.006140511884242301,109
TiO2_anatase,equiformer_v2,so3,1,0.005352681822847106,0.8809069126493775,0.004302176708967548,109
TiO2_anatase,equiformer_v2,so3,1,0.009363292088239416,0.8796568259077023,0.00858038816457917,109
TiO2_anatase,equiformer_v2,so3,1,0.016378937069540637,0.8843224453901642,0.005598139327391209,109
TiO2_anatase,equiformer_v2,so3,1,0.028651202696637804,0.8932135697881677,0.0028390867166044925,109
TiO2_anatase,equiformer_v2,so3,1,0.05,0.9348815057623551,0.006281948066428765,109
TiO2_anatase,equiformer_v2,so3,1,0.05011872336272722,0.9181057126900056,0.006188708751261698,109
TiO2_anatase,equiformer_v2,so3,1,0.1,1.052876706262713,0.010350612365552729,109
TiO2_anatase,equiformer_v2,so3,1,0.15,1.2179957271192077,0.01019054626546483,109
TiO2_anatase,equiformer_v2,so3,1,0.2,1.4242786781738574,0.013766385000656226,109
TiO2_anatase,equiformer_v2,so3,1,0.25,1.6461212138599621,0.022547552840546475,109
TiO2_anatase,equiformer_v2,so3,1,0.3,1.850927685589274,0.016071972019594597,109
TiO2_anatase,equiformer_v2,so3,1,0.35,2.045324615776673,0.00872205799344917,109
TiO2_anatase,equiformer_v2,so3,1,0.39999999999999997,2.2547850638168034,0.022387382831592008,109
TiO2_anatase,equiformer_v2,so3,1,0.44999999999999996,2.4314147885949966,0.022911672716937895,109
TiO2_anatase,equiformer_v2,so3,1,0.49999999999999994,2.6158836832187196,0.022383782640850666,109
TiO2_anatase,equiformer_v2,so3,1,0.5499999999999999,2.7676306737953134,0.019758937012984812,109
TiO2_anatase,equiformer_v2,so3,1,0.6,2.9246563516598836,0.018000046939250648,109
TiO2_anatase,equiformer_v2,so3,1,0.65,3.060154217444049,0.01594590906055295,109
TiO2_anatase,equiformer_v2,so3,1,0.7,3.174998655411393,0.025629510146439664,109
TiO2_anatase,equiformer_v2,so3,1,0.75,3.267531995730497,0.010006213844287322,109
TiO2_anatase,equiformer_v2,so3,1,0.7999999999999999,3.364597642614118,0.021549429600319067,109
TiO2_anatase,equiformer_v2,so3,1,0.85,3.4181919493129826,0.0277180914360094,109
TiO2_anatase,equiformer_v2,so3,1,0.9,3.4746216397579,0.02755263286293353,109
TiO2_anatase,equiformer_v2,so3,1,0.95,3.5316078009252223,0.013924199253309686,109
TiO2_anatase,equiformer_v2,so3,1,1.0,3.5681035460865984,0.006927390114273374,109
TiO2_anatase,equiformer_v2,so3,1,1.0499999999999998,3.6103019560236467,0.012285213776428001,109
TiO2_anatase,equiformer_v2,so3,1,1.0999999999999999,3.651872424431059,0.027039933607817986,109
TiO2_anatase,equiformer_v2,so3,1,1.15,3.668614457692898,0.01557575753652231,109
TiO2_anatase,equiformer_v2,so3,1,1.2,3.685207771979452,0.018242304066424415,109
TiO2_anatase,equiformer_v2,so3,2,0.0,0.18760818530874743,0.002330129473812176,141
TiO2_anatase,equiformer_v2,so3,2,0.001,0.18968967474706525,0.0017593353702558137,109
TiO2_anatase,equiformer_v2,so3,2,0.0017492711874398425,0.1874346018754296,0.0016971472509924417,109
TiO2_anatase,equiformer_v2,so3,2,0.0030599496872071963,0.18863241594736543,0.0020654791363617702,109
TiO2_anatase,equiformer_v2,so3,2,0.005352681822847106,0.1893079765961994,0.0019998294493371333,109
TiO2_anatase,equiformer_v2,so3,2,0.009363292088239416,0.18944222642506656,0.0023695624026543135,109
TiO2_anatase,equiformer_v2,so3,2,0.016378937069540637,0.1916735160557576,0.0007311177376893726,109
TiO2_anatase,equiformer_v2,so3,2,0.028651202696637804,0.1986339689346685,0.0013125575565560335,109
TiO2_anatase,equiformer_v2,so3,2,0.05,0.21940882111179225,0.0014841841091875333,109
TiO2_anatase,equiformer_v2,so3,2,0.05011872336272722,0.22347775992814367,0.0035445717319245703,109
TiO2_anatase,equiformer_v2,so3,2,0.1,0.2963511756064068,0.0021473038409491837,109
TiO2_anatase,equiformer_v2,so3,2,0.15,0.3884595050369616,0.002464143914865634,109
TiO2_anatase,equiformer_v2,so3,2,0.2,0.4853608750911165,0.0026813300327128494,109
TiO2_anatase,equiformer_v2,so3,2,0.25,0.5807601295519271,0.0016082882573413557,109
TiO2_anatase,equiformer_v2,so3,2,0.3,0.6701374642229555,0.006713546172933286,109
TiO2_anatase,equiformer_v2,so3,2,0.35,0.7536986044823427,0.0019153476614750967,109
TiO2_anatase,equiformer_v2,so3,2,0.39999999999999997,0.8326482186716546,0.003631952466253604,109
TiO2_anatase,equiformer_v2,so3,2,0.44999999999999996,0.9095328390523715,0.008057442835971327,109
TiO2_anatase,equiformer_v2,so3,2,0.49999999999999994,0.9767391721071604,0.004561084308903442,109
TiO2_anatase,equiformer_v2,so3,2,0.5499999999999999,1.0393406881289717,0.001773775526788939,109
TiO2_anatase,equiformer_v2,so3,2,0.6,1.0993939765252858,0.0022328363992416868,109
TiO2_anatase,equiformer_v2,so3,2,0.65,1.1506923706353374,0.0033470897749892587,109
TiO2_anatase,equiformer_v2,so3,2,0.7,1.1983754208014066,0.005464116341868635,109
TiO2_anatase,equiformer_v2,so3,2,0.75,1.2355261736098342,0.003580773661738976,109
TiO2_anatase,equiformer_v2,so3,2,0.7999999999999999,1.2757315313155932,0.003573695549344102,109
TiO2_anatase,equiformer_v2,so3,2,0.85,1.3057831912719977,0.004923768793949957,109
TiO2_anatase,equiformer_v2,so3,2,0.9,1.3347563614966862,0.0036269499660765564,109
TiO2_anatase,equiformer_v2,so3,2,0.95,1.356875926690275,0.0032167605473203717,109
TiO2_anatase,equiformer_v2,so3,2,1.0,1.3794841081137583,0.004692585259956907,109
TiO2_anatase,equiformer_v2,so3,2,1.0499999999999998,1.3927671356237643,0.00387611364934776,109
TiO2_anatase,equiformer_v2,so3,2,1.0999999999999999,1.4051132341575585,0.0032296507201723,109
TiO2_anatase,equiformer_v2,so3,2,1.15,1.4139465629307084,0.005158346143857934,109
TiO2_anatase,equiformer_v2,so3,2,1.2,1.4164810856357775,0.002646716421169449,109
TiO2_anatase,nequip,o3,0,0.0,1.6597181229371927e-07,0.0,141
TiO2_anatase,nequip,o3,0,0.001,0.0013127201236784458,0.0,109
TiO2_anatase,nequip,o3,0,0.0017492711874398425,0.0022951604332774878,0.0,109
TiO2_anatase,nequip,o3,0,0.0030599496872071963,0.0040152170695364475,0.0,109
TiO2_anatase,nequip,o3,0,0.005352681822847106,0.007023407146334648,0.0,109
TiO2_anatase,nequip,o3,0,0.009363292088239416,0.012285550124943256,0.0,109
TiO2_anatase,nequip,o3,0,0.016378937069540637,0.021489184349775314,0.0,109
TiO2_anatase,nequip,o3,0,0.028651202696637804,0.037582263350486755,0.0,109
TiO2_anatase,nequip,o3,0,0.05,0.06554640084505081,0.0,109
TiO2_anatase,nequip,o3,0,0.05011872336272722,0.06570161879062653,0.0,109
TiO2_anatase,nequip,o3,0,0.1,0.13073541224002838,0.0,109
TiO2_anatase,nequip,o3,0,0.15,0.19520829617977142,0.0,109
TiO2_anatase,nequip,o3,0,0.2,0.2586126923561096,0.0,109
TiO2_anatase,nequip,o3,0,0.25,0.3205987811088562,0.0,109
TiO2_anatase,nequip,o3,0,0.3,0.3808215856552124,0.0,109
TiO2_anatase,nequip,o3,0,0.35,0.43894556164741516,0.0,109
TiO2_anatase,nequip,o3,0,0.39999999999999997,0.49464213848114014,0.0,109
TiO2_anatase,nequip,o3,0,0.44999999999999996,0.547594428062439,0.0,109
TiO2_anatase,nequip,o3,0,0.49999999999999994,0.597495973110199,0.0,109
TiO2_anatase,nequip,o3,0,0.5499999999999999,0.6440552473068237,0.0,109
TiO2_anatase,nequip,o3,0,0.6,0.6869956851005554,0.0,109
TiO2_anatase,nequip,o3,0,0.65,0.7260591387748718,0.0,109
TiO2_anatase,nequip,o3,0,0.7,0.7610067129135132,0.0,109
TiO2_anatase,nequip,o3,0,0.75,0.7916213274002075,0.0,109
TiO2_anatase,nequip,o3,0,0.7999999999999999,0.8177110552787781,0.0,109
TiO2_anatase,nequip,o3,0,0.85,0.8391108512878418,0.0,109
TiO2_anatase,nequip,o3,0,0.9,0.855686604976654,0.0,109
TiO2_anatase,nequip,o3,0,0.95,0.8673369288444519,0.0,109
TiO2_anatase,nequip,o3,0,1.0,0.8739999532699585,0.0,109
TiO2_anatase,nequip,o3,0,1.0499999999999998,0.8756549954414368,0.0,109
TiO2_anatase,nequip,o3,0,1.0999999999999999,0.8723313808441162,0.0,109
TiO2_anatase,nequip,o3,0,1.15,0.8641108274459839,0.0,109
TiO2_anatase,nequip,o3,0,1.2,0.8511422276496887,0.0,109
TiO2_anatase,nequip,o3,1,0.0,1.9858616440160404e-07,0.0,141
TiO2_anatase,nequip,o3,1,0.001,0.0017742564668878913,0.0,109
TiO2_anatase,nequip,o3,1,0.0017492711874398425,0.0031036536674946547,0.0,109
TiO2_anatase,nequip,o3,1,0.0030599496872071963,0.0054296040907502174,0.0,109
TiO2_anatase,nequip,o3,1,0.005352681822847106,0.00949735939502716,0.0,109
TiO2_anatase,nequip,o3,1,0.009363292088239416,0.016613345593214035,0.0,109
TiO2_anatase,nequip,o3,1,0.016378937069540637,0.029060572385787964,0.0,109
TiO2_anatase,nequip,o3,1,0.028651202696637804,0.0508325956761837,0.0,109
TiO2_anatase,nequip,o3,1,0.05,0.08869228512048721,0.0,109
TiO2_anatase,nequip,o3,1,0.05011872336272722,0.08890241384506226,0.0,109
TiO2_anatase,nequip,o3,1,0.1,0.17723089456558228,0.0,109
TiO2_anatase,nequip,o3,1,0.15,0.2654634118080139,0.0,109
TiO2_anatase,nequip,o3,1,0.2,0.35323891043663025,0.0,109
TiO2_anatase,nequip,o3,1,0.25,0.44040581583976746,0.0,109
TiO2_anatase,nequip,o3,1,0.3,0.5268159508705139,0.0,109
TiO2_anatase,nequip,o3,1,0.35,0.612324059009552,0.0,109
TiO2_anatase,nequip,o3,1,0.39999999999999997,0.696785032749176,0.0,109
TiO2_anatase,nequip,o3,1,0.44999999999999996,0.7800611257553101,0.0,109
TiO2_anatase,nequip,o3,1,0.49999999999999994,0.86201411485672,0.0,109
TiO2_anatase,nequip,o3,1,0.5499999999999999,0.9425131678581238,0.0,109
TiO2_anatase,nequip,o3,1,0.6,1.0214308500289917,0.0,109
TiO2_anatase,nequip,o3,1,0.65,1.0986443758010864,0.0,109
TiO2_anatase,nequip,o3,1,0.7,1.1740405559539795,0.0,109
TiO2_anatase,nequip,o3,1,0.75,1.2475078105926514,0.0,109
TiO2_anatase,nequip,o3,1,0.7999999999999999,1.3189440965652466,0.0,109
TiO2_anatase,nequip,o3,1,0.85,1.388258695602417,0.0,109
TiO2_anatase,nequip,o3,1,0.9,1.455363154411316,0.0,109
TiO2_anatase,nequip,o3,1,0.95,1.5201821327209473,0.0,109
TiO2_anatase,nequip,o3,1,1.0,1.5826523303985596,0.0,109
TiO2_anatase,nequip,o3,1,1.0499999999999998,1.6427197456359863,0.0,109
TiO2_anatase,nequip,o3,1,1.0999999999999999,1.700340747833252,0.0,109
TiO2_anatase,nequip,o3,1,1.15,1.7554875612258911,0.0,109
TiO2_anatase,nequip,o3,1,1.2,1.808144211769104,0.0,109
TiO2_anatase,nequip,o3,2,0.0,1.886721889832188e-07,0.0,141
TiO2_anatase,nequip,o3,2,0.001,0.001351291430182755,0.0,109
TiO2_anatase,nequip,o3,2,0.0017492711874398425,0.0023641958832740784,0.0,109
TiO2_anatase,nequip,o3,2,0.0030599496872071963,0.004135297145694494,0.0,109
TiO2_anatase,nequip,o3,2,0.005352681822847106,0.0072338879108428955,0.0,109
TiO2_anatase,nequip,o3,2,0.009363292088239416,0.012653773650527,0.0,109
TiO2_anatase,nequip,o3,2,0.016378937069540637,0.022134065628051758,0.0,109
TiO2_anatase,nequip,o3,2,0.028651202696637804,0.03871552646160126,0.0,109
TiO2_anatase,nequip,o3,2,0.05,0.06754215806722641,0.0,109
TiO2_anatase,nequip,o3,2,0.05011872336272722,0.06770214438438416,0.0,109
TiO2_anatase,nequip,o3,2,0.1,0.1348942071199417,0.0,109
TiO2_anatase,nequip,o3,2,0.15,0.20186759531497955,0.0,109
TiO2_anatase,nequip,o3,2,0.2,0.26827508211135864,0.0,109
TiO2_anatase,nequip,o3,2,0.25,0.3339320421218872,0.0,109
TiO2_anatase,nequip,o3,2,0.3,0.39865610003471375,0.0,109
TiO2_anatase,nequip,o3,2,0.35,0.4622720777988434,0.0,109
TiO2_anatase,nequip,o3,2,0.39999999999999997,0.524605929851532,0.0,109
TiO2_anatase,nequip,o3,2,0.44999999999999996,0.5854915380477905,0.0,109
TiO2_anatase,nequip,o3,2,0.49999999999999994,0.6447679400444031,0.0,109
TiO2_anatase,nequip,o3,2,0.5499999999999999,0.7022815346717834,0.0,109
TiO2_anatase,nequip,o3,2,0.6,0.7578860521316528,0.0,109
TiO2_anatase,nequip,o3,2,0.65,0.8114415407180786,0.0,109
TiO2_anatase,nequip,o3,2,0.7,0.8628175854682922,0.0,109
TiO2_anatase,nequip,o3,2,0.75,0.9118913412094116,0.0,109
TiO2_anatase,nequip,o3,2,0.7999999999999999,0.9585484862327576,0.0,109
TiO2_anatase,nequip,o3,2,0.85,1.0026847124099731,0.0,109
TiO2_anatase,nequip,o3,2,0.9,1.0442018508911133,0.0,109
TiO2_anatase,nequip,o3,2,0.95,1.083013892173767,0.0,109
TiO2_anatase,nequip,o3,2,1.0,1.1190413236618042,0.0,109
TiO2_anatase,nequip,o3,2,1.0499999999999998,1.1522154808044434,0.0,109
TiO2_anatase,nequip,o3,2,1.0999999999999999,1.1824750900268555,0.0,109
TiO2_anatase,nequip,o3,2,1.15,1.2097681760787964,0.0,109
TiO2_anatase,nequip,o3,2,1.2,1.2340514659881592,0.0,109
TiO2_anatase,nequip,so3,0,0.0,0.45086929202079773,0.0,141
TiO2_anatase,nequip,so3,0,0.001,0.4508735239505768,0.0,109
TiO2_anatase,nequip,so3,0,0.0017492711874398425,0.4508827328681946,0.0,109
TiO2_anatase,nequip,so3,0,0.0030599496872071963,0.4509105384349823,0.0,109
TiO2_anatase,nequip,so3,0,0.005352681822847106,0.4509958326816559,0.0,109
TiO2_anatase,nequip,so3,0,0.009363292088239416,0.45125675201416016,0.0,109
TiO2_anatase,nequip,so3,0,0.016378937069540637,0.4520537555217743,0.0,109
TiO2_anatase,nequip,so3,0,0.028651202696637804,0.4544834792613983,0.0,109
TiO2_anatase,nequip,so3,0,0.05,0.4617823660373688,0.0,109
TiO2_anatase,nequip,so3,0,0.05011872336272722,0.4618334472179413,0.0,109
TiO2_anatase,nequip,so3,0,0.1,0.49297088384628296,0.0,109
TiO2_anatase,nequip,so3,0,0.15,0.5406556725502014,0.0,109
TiO2_anatase,nequip,so3,0,0.2,0.6005015969276428,0.0,109
TiO2_anatase,nequip,so3,0,0.25,0.6687328815460205,0.0,109
TiO2_anatase,nequip,so3,0,0.3,0.7424488067626953,0.0,109
TiO2_anatase,nequip,so3,0,0.35,0.8195313811302185,0.0,109
TiO2_anatase,nequip,so3,0,0.39999999999999997,0.898442268371582,0.0,109
TiO2_anatase,nequip,so3,0,0.44999999999999996,0.978050947189331,0.0,109
TiO2_anatase,nequip,so3,0,0.49999999999999994,1.0575042963027954,0.0,109
TiO2_anatase,nequip,so3,0,0.5499999999999999,1.1361422538757324,0.0,109
TiO2_anatase,nequip,so3,0,0.6,1.2134417295455933,0.0,109
TiO2_anatase,nequip,so3,0,0.65,1.2889758348464966,0.0,109
TiO2_anatase,nequip,so3,0,0.7,1.3623909950256348,0.0,109
TiO2_anatase,nequip,so3,0,0.75,1.433393955230713,0.0,109
TiO2_anatase,nequip,so3,0,0.7999999999999999,1.5017342567443848,0.0,109
TiO2_anatase,nequip,so3,0,0.85,1.5671969652175903,0.0,109
TiO2_anatase,nequip,so3,0,0.9,1.629601240158081,0.0,109
TiO2_anatase,nequip,so3,0,0.95,1.6887949705123901,0.0,109
TiO2_anatase,nequip,so3,0,1.0,1.744641661643982,0.0,109
TiO2_anatase,nequip,so3,0,1.0499999999999998,1.7970380783081055,0.0,109
TiO2_anatase,nequip,so3,0,1.0999999999999999,1.8458921909332275,0.0,109
TiO2_anatase,nequip,so3,0,1.15,1.891129970550537,0.0,109
TiO2_anatase,nequip,so3,0,1.2,1.932694435119629,0.0,109
TiO2_anatase,nequip,so3,1,0.0,0.5571690797805786,0.0,141
TiO2_anatase,nequip,so3,1,0.001,0.5571695566177368,0.0,109
TiO2_anatase,nequip,so3,1,0.0017492711874398425,0.5571712851524353,0.0,109
TiO2_anatase,nequip,so3,1,0.0030599496872071963,0.5571753978729248,0.0,109
TiO2_anatase,nequip,so3,1,0.005352681822847106,0.5571889281272888,0.0,109
TiO2_anatase,nequip,so3,1,0.009363292088239416,0.5572301745414734,0.0,109
TiO2_anatase,nequip,so3,1,0.016378937069540637,0.5573567748069763,0.0,109
TiO2_anatase,nequip,so3,1,0.028651202696637804,0.5577431321144104,0.0,109
TiO2_anatase,nequip,so3,1,0.05,0.5589137673377991,0.0,109
TiO2_anatase,nequip,so3,1,0.05011872336272722,0.5589221715927124,0.0,109
TiO2_anatase,nequip,so3,1,0.1,0.5640879273414612,0.0,109
TiO2_anatase,nequip,so3,1,0.15,0.5725159049034119,0.0,109
TiO2_anatase,nequip,so3,1,0.2,0.5839256644248962,0.0,109
TiO2_anatase,nequip,so3,1,0.25,0.5979693531990051,0.0,109
TiO2_anatase,nequip,so3,1,0.3,0.6142510175704956,0.0,109
TiO2_anatase,nequip,so3,1,0.35,0.632351815700531,0.0,109
TiO2_anatase,nequip,so3,1,0.39999999999999997,0.651850163936615,0.0,109
TiO2_anatase,nequip,so3,1,0.44999999999999996,0.6723371148109436,0.0,109
TiO2_anatase,nequip,so3,1,0.49999999999999994,0.6934283971786499,0.0,109
TiO2_anatase,nequip,so3,1,0.5499999999999999,0.7147696614265442,0.0,109
TiO2_anatase,nequip,so3,1,0.6,0.7360403537750244,0.0,109
TiO2_anatase,nequip,so3,1,0.65,0.7569558024406433,0.0,109
TiO2_anatase,nequip,so3,1,0.7,0.7772663831710815,0.0,109
TiO2_anatase,nequip,so3,1,0.75,0.796755850315094,0.0,109
TiO2_anatase,nequip,so3,1,0.7999999999999999,0.8152413964271545,0.0,109
TiO2_anatase,nequip,so3,1,0.85,0.8325703144073486,0.0,109
TiO2_anatase,nequip,so3,1,0.9,0.8486203551292419,0.0,109
TiO2_anatase,nequip,so3,1,0.95,0.8632981777191162,0.0,109
TiO2_anatase,nequip,so3,1,1.0,0.8765366673469543,0.0,109
TiO2_anatase,nequip,so3,1,1.0499999999999998,0.8882968425750732,0.0,109
TiO2_anatase,nequip,so3,1,1.0999999999999999,0.8985629677772522,0.0,109
TiO2_anatase,nequip,so3,1,1.15,0.9073480367660522,0.0,109
TiO2_anatase,nequip,so3,1,1.2,0.9146851897239685,0.0,109
TiO2_anatase,nequip,so3,2,0.0,0.09920799732208252,0.0,141
TiO2_anatase,nequip,so3,2,0.001,0.09921106696128845,0.0,109
TiO2_anatase,nequip,so3,2,0.0017492711874398425,0.09921722859144211,0.0,109
TiO2_anatase,nequip,so3,2,0.0030599496872071963,0.09923649579286575,0.0,109
TiO2_anatase,nequip,so3,2,0.005352681822847106,0.09929538518190384,0.0,109
TiO2_anatase,nequip,so3,2,0.009363292088239416,0.09947489202022552,0.0,109
TiO2_anatase,nequip,so3,2,0.016378937069540637,0.1000223308801651,0.0,109
TiO2_anatase,nequip,so3,2,0.028651202696637804,0.10167887061834335,0.0,109
TiO2_anatase,nequip,so3,2,0.05,0.10655161738395691,0.0,109
TiO2_anatase,nequip,so3,2,0.05011872336272722,0.10658527165651321,0.0,109
TiO2_anatase,nequip,so3,2,0.1,0.1260010451078415,0.0,109
TiO2_anatase,nequip,so3,2,0.15,0.1529090702533722,0.0,109
TiO2_anatase,nequip,so3,2,0.2,0.18389657139778137,0.0,109
TiO2_anatase,nequip,so3,2,0.25,0.21706520020961761,0.0,109
TiO2_anatase,nequip,so3,2,0.3,0.2513783872127533,0.0,109
TiO2_anatase,nequip,so3,2,0.35,0.28623881936073303,0.0,109
TiO2_anatase,nequip,so3,2,0.39999999999999997,0.32127645611763,0.0,109
TiO2_anatase,nequip,so3,2,0.44999999999999996,0.35624077916145325,0.0,109
TiO2_anatase,nequip,so3,2,0.49999999999999994,0.39095330238342285,0.0,109
TiO2_anatase,nequip,so3,2,0.5499999999999999,0.42527493834495544,0.0,109
TiO2_anatase,nequip,so3,2,0.6,0.45909395813941956,0.0,109
TiO2_anatase,nequip,so3,2,0.65,0.4923153221607208,0.0,109
TiO2_anatase,nequip,so3,2,0.7,0.5248560309410095,0.0,109
TiO2_anatase,nequip,so3,2,0.75,0.556643009185791,0.0,109
TiO2_anatase,nequip,so3,2,0.7999999999999999,0.5876082181930542,0.0,109
TiO2_anatase,nequip,so3,2,0.85,0.6176906228065491,0.0,109
TiO2_anatase,nequip,so3,2,0.9,0.6468315124511719,0.0,109
TiO2_anatase,nequip,so3,2,0.95,0.6749778985977173,0.0,109
TiO2_anatase,nequip,so3,2,1.0,0.7020784616470337,0.0,109
TiO2_anatase,nequip,so3,2,1.0499999999999998,0.7280861735343933,0.0,109
TiO2_anatase,nequip,so3,2,1.0999999999999999,0.7529570460319519,0.0,109
TiO2_anatase,nequip,so3,2,1.15,0.776648998260498,0.0,109
TiO2_anatase,nequip,so3,2,1.2,0.7991227507591248,0.0,109
SnO2,mace,o3,0,0.0,3.9837044596424676e-07,0.0,136
SnO2,mace,o3,0,0.001,0.000756013672798872,0.0,102
SnO2,mace,o3,0,0.0017492711874398425,0.0013241400010883808,0.0,102
SnO2,mace,o3,0,0.0030599496872071963,0.0023168332409113646,0.0,102
SnO2,mace,o3,0,0.005352681822847106,0.004049743991345167,0.0,102
SnO2,mace,o3,0,0.009363292088239416,0.007082847878336906,0.0,102
SnO2,mace,o3,0,0.016378937069540637,0.012393344193696976,0.0,102
SnO2,mace,o3,0,0.028651202696637804,0.021678224205970764,0.0,102
SnO2,mace,o3,0,0.05,0.03782755136489868,0.0,102
SnO2,mace,o3,0,0.05011872336272722,0.03791603446006775,0.0,102
SnO2,mace,o3,0,0.1,0.07562179118394852,0.0,102
SnO2,mace,o3,0,0.15,0.11335057020187378,0.0,102
SnO2,mace,o3,0,0.2,0.15098467469215393,0.0,102
SnO2,mace,o3,0,0.25,0.18849505484104156,0.0,102
SnO2,mace,o3,0,0.3,0.22585934400558472,0.0,102
SnO2,mace,o3,0,0.35,0.263053297996521,0.0,102
SnO2,mace,o3,0,0.39999999999999997,0.3000655472278595,0.0,102
SnO2,mace,o3,0,0.44999999999999996,0.33688169717788696,0.0,102
SnO2,mace,o3,0,0.49999999999999994,0.3734988272190094,0.0,102
SnO2,mace,o3,0,0.5499999999999999,0.40991610288619995,0.0,102
SnO2,mace,o3,0,0.6,0.44614177942276,0.0,102
SnO2,mace,o3,0,0.65,0.4821884334087372,0.0,102
SnO2,mace,o3,0,0.7,0.518073558807373,0.0,102
SnO2,mace,o3,0,0.75,0.5538222193717957,0.0,102
SnO2,mace,o3,0,0.7999999999999999,0.5894638299942017,0.0,102
SnO2,mace,o3,0,0.85,0.6250365972518921,0.0,102
SnO2,mace,o3,0,0.9,0.6605751514434814,0.0,102
SnO2,mace,o3,0,0.95,0.6961281895637512,0.0,102
SnO2,mace,o3,0,1.0,0.7317438125610352,0.0,102
SnO2,mace,o3,0,1.0499999999999998,0.7674696445465088,0.0,102
SnO2,mace,o3,0,1.0999999999999999,0.8033590912818909,0.0,102
SnO2,mace,o3,0,1.15,0.8394668102264404,0.0,102
SnO2,mace,o3,0,1.2,0.8758450746536255,0.0,102
SnO2,mace,o3,1,0.0,6.951269710953056e-07,0.0,136
SnO2,mace,o3,1,0.001,0.000422393815824762,0.0,102
SnO2,mace,o3,1,0.0017492711874398425,0.0007399707683362067,0.0,102
SnO2,mace,o3,1,0.0030599496872071963,0.0012964672641828656,0.0,102
SnO2,mace,o3,1,0.005352681822847106,0.002263415837660432,0.0,102
SnO2,mace,o3,1,0.009363292088239416,0.003957732114940882,0.0,102
SnO2,mace,o3,1,0.016378937069540637,0.006927538197487593,0.0,102
SnO2,mace,o3,1,0.028651202696637804,0.012118763290345669,0.0,102
SnO2,mace,o3,1,0.05,0.021149512380361557,0.0,102
SnO2,mace,o3,1,0.05011872336272722,0.021197117865085602,0.0,102
SnO2,mace,o3,1,0.1,0.04230119660496712,0.0,102
SnO2,mace,o3,1,0.15,0.06345473229885101,0.0,102
SnO2,mace,o3,1,0.2,0.08461853116750717,0.0,102
SnO2,mace,o3,1,0.25,0.10579896718263626,0.0,102
SnO2,mace,o3,1,0.3,0.12700819969177246,0.0,102
SnO2,mace,o3,1,0.35,0.14825208485126495,0.0,102
SnO2,mace,o3,1,0.39999999999999997,0.16956612467765808,0.0,102
SnO2,mace,o3,1,0.44999999999999996,0.19096119701862335,0.0,102
SnO2,mace,o3,1,0.49999999999999994,0.21247872710227966,0.0,102
SnO2,mace,o3,1,0.5499999999999999,0.23414826393127441,0.0,102
SnO2,mace,o3,1,0.6,0.25601616501808167,0.0,102
SnO2,mace,o3,1,0.65,0.2781396508216858,0.0,102
SnO2,mace,o3,1,0.7,0.3005695939064026,0.0,102
SnO2,mace,o3,1,0.75,0.32336878776550293,0.0,102
SnO2,mace,o3,1,0.7999999999999999,0.3466077446937561,0.0,102
SnO2,mace,o3,1,0.85,0.3703688979148865,0.0,102
SnO2,mace,o3,1,0.9,0.3947211503982544,0.0,102
SnO2,mace,o3,1,0.95,0.4197576642036438,0.0,102
SnO2,mace,o3,1,1.0,0.4455728828907013,0.0,102
SnO2,mace,o3,1,1.0499999999999998,0.47224992513656616,0.0,102
SnO2,mace,o3,1,1.0999999999999999,0.4998912811279297,0.0,102
SnO2,mace,o3,1,1.15,0.5285966992378235,0.0,102
SnO2,mace,o3,1,1.2,0.5584660172462463,0.0,102
SnO2,mace,o3,2,0.0,8.296487408188113e-07,0.0,136
SnO2,mace,o3,2,0.001,0.0002994911919813603,0.0,102
SnO2,mace,o3,2,0.0017492711874398425,0.0005248561501502991,0.0,102
SnO2,mace,o3,2,0.0030599496872071963,0.0009213743032887578,0.0,102
SnO2,mace,o3,2,0.005352681822847106,0.0016060177003964782,0.0,102
SnO2,mace,o3,2,0.009363292088239416,0.002807018579915166,0.0,102
SnO2,mace,o3,2,0.016378937069540637,0.004916131030768156,0.0,102
SnO2,mace,o3,2,0.028651202696637804,0.008601495996117592,0.0,102
SnO2,mace,o3,2,0.05,0.01501241885125637,0.0,102
SnO2,mace,o3,2,0.05011872336272722,0.015045098960399628,0.0,102
SnO2,mace,o3,2,0.1,0.030041879042983055,0.0,102
SnO2,mace,o3,2,0.15,0.045109864324331284,0.0,102
SnO2,mace,o3,2,0.2,0.060254212468862534,0.0,102
SnO2,mace,o3,2,0.25,0.07552516460418701,0.0,102
SnO2,mace,o3,2,0.3,0.0909927561879158,0.0,102
SnO2,mace,o3,2,0.35,0.10674131661653519,0.0,102
SnO2,mace,o3,2,0.39999999999999997,0.12290291488170624,0.0,102
SnO2,mace,o3,2,0.44999999999999996,0.13960003852844238,0.0,102
SnO2,mace,o3,2,0.49999999999999994,0.15699990093708038,0.0,102
SnO2,mace,o3,2,0.5499999999999999,0.17526327073574066,0.0,102
SnO2,mace,o3,2,0.6,0.19457389414310455,0.0,102
SnO2,mace,o3,2,0.65,0.21511894464492798,0.0,102
SnO2,mace,o3,2,0.7,0.2370617836713791,0.0,102
SnO2,mace,o3,2,0.75,0.2605614960193634,0.0,102
SnO2,mace,o3,2,0.7999999999999999,0.28575751185417175,0.0,102
SnO2,mace,o3,2,0.85,0.31277307868003845,0.0,102
SnO2,mace,o3,2,0.9,0.34167876839637756,0.0,102
SnO2,mace,o3,2,0.95,0.3725436329841614,0.0,102
SnO2,mace,o3,2,1.0,0.40540003776550293,0.0,102
SnO2,mace,o3,2,1.0499999999999998,0.44023755192756653,0.0,102
SnO2,mace,o3,2,1.0999999999999999,0.4770392179489136,0.0,102
SnO2,mace,o3,2,1.15,0.5157564878463745,0.0,102
SnO2,mace,o3,2,1.2,0.556327760219574,0.0,102
SnO2,mace,so3,0,0.0,0.3437586724758148,0.0,136
SnO2,mace,so3,0,0.001,0.34375888109207153,0.0,102
SnO2,mace,so3,0,0.0017492711874398425,0.3437592089176178,0.0,102
SnO2,mace,so3,0,0.0030599496872071963,0.3437623083591461,0.0,102
SnO2,mace,so3,0,0.005352681822847106,0.3437691032886505,0.0,102
SnO2,mace,so3,0,0.009363292088239416,0.3437909185886383,0.0,102
SnO2,mace,so3,0,0.016378937069540637,0.34385669231414795,0.0,102
SnO2,mace,so3,0,0.028651202696637804,0.34405791759490967,0.0,102
SnO2,mace,so3,0,0.05,0.3446705937385559,0.0,102
SnO2,mace,so3,0,0.05011872336272722,0.34467464685440063,0.0,102
SnO2,mace,so3,0,0.1,0.34738439321517944,0.0,102
SnO2,mace,so3,0,0.15,0.35183724761009216,0.0,102
SnO2,mace,so3,0,0.2,0.3579321801662445,0.0,102
SnO2,mace,so3,0,0.25,0.36554408073425293,0.0,102
SnO2,mace,so3,0,0.3,0.3745344579219818,0.0,102
SnO2,mace,so3,0,0.35,0.3847501575946808,0.0,102
SnO2,mace,so3,0,0.39999999999999997,0.39605021476745605,0.0,102
SnO2,mace,so3,0,0.44999999999999996,0.4082907736301422,0.0,102
SnO2,mace,so3,0,0.49999999999999994,0.4213489592075348,0.0,102
SnO2,mace,so3,0,0.5499999999999999,0.4351087212562561,0.0,102
SnO2,mace,so3,0,0.6,0.4494718611240387,0.0,102
SnO2,mace,so3,0,0.65,0.46435973048210144,0.0,102
SnO2,mace,so3,0,0.7,0.4796968698501587,0.0,102
SnO2,mace,so3,0,0.75,0.49542081356048584,0.0,102
SnO2,mace,so3,0,0.7999999999999999,0.5114780068397522,0.0,102
SnO2,mace,so3,0,0.85,0.527823269367218,0.0,102
SnO2,mace,so3,0,0.9,0.5444007515907288,0.0,102
SnO2,mace,so3,0,0.95,0.5611714720726013,0.0,102
SnO2,mace,so3,0,1.0,0.5780937671661377,0.0,102
SnO2,mace,so3,0,1.0499999999999998,0.5951157212257385,0.0,102
SnO2,mace,so3,0,1.0999999999999999,0.6121991276741028,0.0,102
SnO2,mace,so3,0,1.15,0.629302978515625,0.0,102
SnO2,mace,so3,0,1.2,0.6463908553123474,0.0,102
SnO2,mace,so3,1,0.0,0.09434434026479721,0.0,136
SnO2,mace,so3,1,0.001,0.09434445202350616,0.0,102
SnO2,mace,so3,1,0.0017492711874398425,0.09434419125318527,0.0,102
SnO2,mace,so3,1,0.0030599496872071963,0.09434448182582855,0.0,102
SnO2,mace,so3,1,0.005352681822847106,0.09434494376182556,0.0,102
SnO2,mace,so3,1,0.009363292088239416,0.0943453311920166,0.0,102
SnO2,mace,so3,1,0.016378937069540637,0.09434708952903748,0.0,102
SnO2,mace,so3,1,0.028651202696637804,0.09435268491506577,0.0,102
SnO2,mace,so3,1,0.05,0.09437107294797897,0.0,102
SnO2,mace,so3,1,0.05011872336272722,0.09437116980552673,0.0,102
SnO2,mace,so3,1,0.1,0.0944627970457077,0.0,102
SnO2,mace,so3,1,0.15,0.09465299546718597,0.0,102
SnO2,mace,so3,1,0.2,0.09499786049127579,0.0,102
SnO2,mace,so3,1,0.25,0.09557539224624634,0.0,102
SnO2,mace,so3,1,0.3,0.09648303687572479,0.0,102
SnO2,mace,so3,1,0.35,0.09783116728067398,0.0,102
SnO2,mace,so3,1,0.39999999999999997,0.09974655508995056,0.0,102
SnO2,mace,so3,1,0.44999999999999996,0.10234974324703217,0.0,102
SnO2,mace,so3,1,0.49999999999999994,0.10575506836175919,0.0,102
SnO2,mace,so3,1,0.5499999999999999,0.11005678027868271,0.0,102
SnO2,mace,so3,1,0.6,0.11532194912433624,0.0,102
SnO2,mace,so3,1,0.65,0.12158502638339996,0.0,102
SnO2,mace,so3,1,0.7,0.12884429097175598,0.0,102
SnO2,mace,so3,1,0.75,0.13706831634044647,0.0,102
SnO2,mace,so3,1,0.7999999999999999,0.14619936048984528,0.0,102
SnO2,mace,so3,1,0.85,0.15616117417812347,0.0,102
SnO2,mace,so3,1,0.9,0.16686075925827026,0.0,102
SnO2,mace,so3,1,0.95,0.178198903799057,0.0,102
SnO2,mace,so3,1,1.0,0.19007663428783417,0.0,102
SnO2,mace,so3,1,1.0499999999999998,0.20239122211933136,0.0,102
SnO2,mace,so3,1,1.0999999999999999,0.21504786610603333,0.0,102
SnO2,mace,so3,1,1.15,0.22795777022838593,0.0,102
SnO2,mace,so3,1,1.2,0.24104109406471252,0.0,102
SnO2,mace,so3,2,0.0,0.38291874527931213,0.0,136
SnO2,mace,so3,2,0.001,0.38291963934898376,0.0,102
SnO2,mace,so3,2,0.0017492711874398425,0.38292136788368225,0.0,102
SnO2,mace,so3,2,0.0030599496872071963,0.3829267621040344,0.0,102
SnO2,mace,so3,2,0.005352681822847106,0.38294339179992676,0.0,102
SnO2,mace,so3,2,0.009363292088239416,0.38299456238746643,0.0,102
SnO2,mace,so3,2,0.016378937069540637,0.38315078616142273,0.0,102
SnO2,mace,so3,2,0.028651202696637804,0.38362839818000793,0.0,102
SnO2,mace,so3,2,0.05,0.38507452607154846,0.0,102
SnO2,mace,so3,2,0.05011872336272722,0.38508501648902893,0.0,102
SnO2,mace,so3,2,0.1,0.3914513885974884,0.0,102
SnO2,mace,so3,2,0.15,0.40178921818733215,0.0,102
SnO2,mace,so3,2,0.2,0.4157002866268158,0.0,102
SnO2,mace,so3,2,0.25,0.43271851539611816,0.0,102
SnO2,mace,so3,2,0.3,0.45234954357147217,0.0,102
SnO2,mace,so3,2,0.35,0.4741114675998688,0.0,102
SnO2,mace,so3,2,0.39999999999999997,0.49755021929740906,0.0,102
SnO2,mace,so3,2,0.44999999999999996,0.5222698450088501,0.0,102
SnO2,mace,so3,2,0.49999999999999994,0.5479198098182678,0.0,102
SnO2,mace,so3,2,0.5499999999999999,0.5742104649543762,0.0,102
SnO2,mace,so3,2,0.6,0.6008976101875305,0.0,102
SnO2,mace,so3,2,0.65,0.6277831792831421,0.0,102
SnO2,mace,so3,2,0.7,0.6547144651412964,0.0,102
SnO2,mace,so3,2,0.75,0.6815739274024963,0.0,102
SnO2,mace,so3,2,0.7999999999999999,0.7082757949829102,0.0,102
SnO2,mace,so3,2,0.85,0.7347649335861206,0.0,102
SnO2,mace,so3,2,0.9,0.7610111236572266,0.0,102
SnO2,mace,so3,2,0.95,0.7870074510574341,0.0,102
SnO2,mace,so3,2,1.0,0.8127607703208923,0.0,102
SnO2,mace,so3,2,1.0499999999999998,0.8383041620254517,0.0,102
SnO2,mace,so3,2,1.0999999999999999,0.8636729717254639,0.0,102
SnO2,mace,so3,2,1.15,0.8889167904853821,0.0,102
SnO2,mace,so3,2,1.2,0.9140944480895996,0.0,102
TiO2_anatase,mace,o3,0,0.0,3.8365442378562875e-07,0.0,141
TiO2_anatase,mace,o3,0,0.001,0.0015786372823640704,0.0,109
TiO2_anatase,mace,o3,0,0.0017492711874398425,0.0027618661988526583,0.0,109
TiO2_anatase,mace,o3,0,0.0030599496872071963,0.004829880315810442,0.0,109
TiO2_anatase,mace,o3,0,0.005352681822847106,0.008450624532997608,0.0,109
TiO2_anatase,mace,o3,0,0.009363292088239416,0.014780329540371895,0.0,109
TiO2_anatase,mace,o3,0,0.016378937069540637,0.025853784754872322,0.0,109
TiO2_anatase,mace,o3,0,0.028651202696637804,0.04522707313299179,0.0,109
TiO2_anatase,mace,o3,0,0.05,0.0789242833852768,0.0,109
TiO2_anatase,mace,o3,0,0.05011872336272722,0.07910837233066559,0.0,109
TiO2_anatase,mace,o3,0,0.1,0.15782292187213898,0.0,109
TiO2_anatase,mace,o3,0,0.15,0.2366700917482376,0.0,109
TiO2_anatase,mace,o3,0,0.2,0.3154480457305908,0.0,109
TiO2_anatase,mace,o3,0,0.25,0.39414092898368835,0.0,109
TiO2_anatase,mace,o3,0,0.3,0.47274696826934814,0.0,109
TiO2_anatase,mace,o3,0,0.35,0.5512629747390747,0.0,109
TiO2_anatase,mace,o3,0,0.39999999999999997,0.6296902298927307,0.0,109
TiO2_anatase,mace,o3,0,0.44999999999999996,0.7080323696136475,0.0,109
TiO2_anatase,mace,o3,0,0.49999999999999994,0.7862901091575623,0.0,109
TiO2_anatase,mace,o3,0,0.5499999999999999,0.8644598722457886,0.0,109
TiO2_anatase,mace,o3,0,0.6,0.9425216317176819,0.0,109
TiO2_anatase,mace,o3,0,0.65,1.020444393157959,0.0,109
TiO2_anatase,mace,o3,0,0.7,1.0981788635253906,0.0,109
TiO2_anatase,mace,o3,0,0.75,1.1756622791290283,0.0,109
TiO2_anatase,mace,o3,0,0.7999999999999999,1.2527927160263062,0.0,109
TiO2_anatase,mace,o3,0,0.85,1.3294657468795776,0.0,109
TiO2_anatase,mace,o3,0,0.9,1.405556559562683,0.0,109
TiO2_anatase,mace,o3,0,0.95,1.4809197187423706,0.0,109
TiO2_anatase,mace,o3,0,1.0,1.5553944110870361,0.0,109
TiO2_anatase,mace,o3,0,1.0499999999999998,1.62881600856781,0.0,109
TiO2_anatase,mace,o3,0,1.0999999999999999,1.7010154724121094,0.0,109
TiO2_anatase,mace,o3,0,1.15,1.7718199491500854,0.0,109
TiO2_anatase,mace,o3,0,1.2,1.8410546779632568,0.0,109
TiO2_anatase,mace,o3,1,0.0,7.278769089680281e-07,0.0,141
TiO2_anatase,mace,o3,1,0.001,0.0018487198976799846,0.0,109
TiO2_anatase,mace,o3,1,0.0017492711874398425,0.0032370155677199364,0.0,109
TiO2_anatase,mace,o3,1,0.0030599496872071963,0.005661585368216038,0.0,109
TiO2_anatase,mace,o3,1,0.005352681822847106,0.00990469753742218,0.0,109
TiO2_anatase,mace,o3,1,0.009363292088239416,0.017327381297945976,0.0,109
TiO2_anatase,mace,o3,1,0.016378937069540637,0.030310187488794327,0.0,109
TiO2_anatase,mace,o3,1,0.028651202696637804,0.05301770567893982,0.0,109
TiO2_anatase,mace,o3,1,0.05,0.09250909090042114,0.0,109
TiO2_anatase,mace,o3,1,0.05011872336272722,0.09272575378417969,0.0,109
TiO2_anatase,mace,o3,1,0.1,0.18487052619457245,0.0,109
TiO2_anatase,mace,o3,1,0.15,0.27693748474121094,0.0,109
TiO2_anatase,mace,o3,1,0.2,0.368584007024765,0.0,109
TiO2_anatase,mace,o3,1,0.25,0.4596693217754364,0.0,109
TiO2_anatase,mace,o3,1,0.3,0.5500732064247131,0.0,109
TiO2_anatase,mace,o3,1,0.35,0.6396834254264832,0.0,109
TiO2_anatase,mace,o3,1,0.39999999999999997,0.728398323059082,0.0,109
TiO2_anatase,mace,o3,1,0.44999999999999996,0.816141664981842,0.0,109
TiO2_anatase,mace,o3,1,0.49999999999999994,0.9028319716453552,0.0,109
TiO2_anatase,mace,o3,1,0.5499999999999999,0.9884158968925476,0.0,109
TiO2_anatase,mace,o3,1,0.6,1.0728400945663452,0.0,109
TiO2_anatase,mace,o3,1,0.65,1.1560674905776978,0.0,109
TiO2_anatase,mace,o3,1,0.7,1.2380805015563965,0.0,109
TiO2_anatase,mace,o3,1,0.75,1.3188552856445312,0.0,109
TiO2_anatase,mace,o3,1,0.7999999999999999,1.3983911275863647,0.0,109
TiO2_anatase,mace,o3,1,0.85,1.4766721725463867,0.0,109
TiO2_anatase,mace,o3,1,0.9,1.5536985397338867,0.0,109
TiO2_anatase,mace,o3,1,0.95,1.6294639110565186,0.0,109
TiO2_anatase,mace,o3,1,1.0,1.7039798498153687,0.0,109
TiO2_anatase,mace,o3,1,1.0499999999999998,1.777228832244873,0.0,109
TiO2_anatase,mace,o3,1,1.0999999999999999,1.8492125272750854,0.0,109
TiO2_anatase,mace,o3,1,1.15,1.9199110269546509,0.0,109
TiO2_anatase,mace,o3,1,1.2,1.9893150329589844,0.0,109
TiO2_anatase,mace,o3,2,0.0,1.1830353514596936e-06,0.0,141
TiO2_anatase,mace,o3,2,0.001,0.004895642399787903,0.0,109
TiO2_anatase,mace,o3,2,0.0017492711874398425,0.008566619828343391,0.0,109
TiO2_anatase,mace,o3,2,0.0030599496872071963,0.014986451715230942,0.0,109
TiO2_anatase,mace,o3,2,0.005352681822847106,0.02621602453291416,0.0,109
TiO2_anatase,mace,o3,2,0.009363292088239416,0.04587173089385033,0.0,109
TiO2_anatase,mace,o3,2,0.016378937069540637,0.08023712038993835,0.0,109
TiO2_anatase,mace,o3,2,0.028651202696637804,0.14034701883792877,0.0,109
TiO2_anatase,mace,o3,2,0.05,0.24489019811153412,0.0,109
TiO2_anatase,mace,o3,2,0.05011872336272722,0.24546851217746735,0.0,109
TiO2_anatase,mace,o3,2,0.1,0.48945266008377075,0.0,109
TiO2_anatase,mace,o3,2,0.15,0.7333458662033081,0.0,109
TiO2_anatase,mace,o3,2,0.2,0.9762745499610901,0.0,109
TiO2_anatase,mace,o3,2,0.25,1.2179228067398071,0.0,109
TiO2_anatase,mace,o3,2,0.3,1.45798921585083,0.0,109
TiO2_anatase,mace,o3,2,0.35,1.6962058544158936,0.0,109
TiO2_anatase,mace,o3,2,0.39999999999999997,1.9322988986968994,0.0,109
TiO2_anatase,mace,o3,2,0.44999999999999996,2.1660661697387695,0.0,109
TiO2_anatase,mace,o3,2,0.49999999999999994,2.397277355194092,0.0,109
TiO2_anatase,mace,o3,2,0.5499999999999999,2.625746011734009,0.0,109
TiO2_anatase,mace,o3,2,0.6,2.8513059616088867,0.0,109
TiO2_anatase,mace,o3,2,0.65,3.0738213062286377,0.0,109
TiO2_anatase,mace,o3,2,0.7,3.2931599617004395,0.0,109
TiO2_anatase,mace,o3,2,0.75,3.5092403888702393,0.0,109
TiO2_anatase,mace,o3,2,0.7999999999999999,3.721985340118408,0.0,109
TiO2_anatase,mace,o3,2,0.85,3.9313125610351562,0.0,109
TiO2_anatase,mace,o3,2,0.9,4.137176513671875,0.0,109
TiO2_anatase,mace,o3,2,0.95,4.339540004730225,0.0,109
TiO2_anatase,mace,o3,2,1.0,4.538366794586182,0.0,109
TiO2_anatase,mace,o3,2,1.0499999999999998,4.733638286590576,0.0,109
TiO2_anatase,mace,o3,2,1.0999999999999999,4.925320625305176,0.0,109
TiO2_anatase,mace,o3,2,1.15,5.113373279571533,0.0,109
TiO2_anatase,mace,o3,2,1.2,5.297762870788574,0.0,109
TiO2_anatase,mace,so3,0,0.0,0.23731616139411926,0.0,141
TiO2_anatase,mace,so3,0,0.001,0.23732419312000275,0.0,109
TiO2_anatase,mace,so3,0,0.0017492711874398425,0.23733960092067719,0.0,109
TiO2_anatase,mace,so3,0,0.0030599496872071963,0.2373904287815094,0.0,109
TiO2_anatase,mace,so3,0,0.005352681822847106,0.23754584789276123,0.0,109
TiO2_anatase,mace,so3,0,0.009363292088239416,0.23801641166210175,0.0,109
TiO2_anatase,mace,so3,0,0.016378937069540637,0.2394542098045349,0.0,109
TiO2_anatase,mace,so3,0,0.028651202696637804,0.24379746615886688,0.0,109
TiO2_anatase,mace,so3,0,0.05,0.2565189301967621,0.0,109
TiO2_anatase,mace,so3,0,0.05011872336272722,0.2566055357456207,0.0,109
TiO2_anatase,mace,so3,0,0.1,0.30659985542297363,0.0,109
TiO2_anatase,mace,so3,0,0.15,0.3744152784347534,0.0,109
TiO2_anatase,mace,so3,0,0.2,0.4507426619529724,0.0,109
TiO2_anatase,mace,so3,0,0.25,0.5304334163665771,0.0,109
TiO2_anatase,mace,so3,0,0.3,0.6106067895889282,0.0,109
TiO2_anatase,mace,so3,0,0.35,0.6895288825035095,0.0,109
TiO2_anatase,mace,so3,0,0.39999999999999997,0.7660795450210571,0.0,109
TiO2_anatase,mace,so3,0,0.44999999999999996,0.8395078778266907,0.0,109
TiO2_anatase,mace,so3,0,0.49999999999999994,0.9092901945114136,0.0,109
TiO2_anatase,mace,so3,0,0.5499999999999999,0.9750922322273254,0.0,109
TiO2_anatase,mace,so3,0,0.6,1.0366992950439453,0.0,109
TiO2_anatase,mace,so3,0,0.65,1.0940181016921997,0.0,109
TiO2_anatase,mace,so3,0,0.7,1.1470422744750977,0.0,109
TiO2_anatase,mace,so3,0,0.75,1.1958287954330444,0.0,109
TiO2_anatase,mace,so3,0,0.7999999999999999,1.2404876947402954,0.0,109
TiO2_anatase,mace,so3,0,0.85,1.2811639308929443,0.0,109
TiO2_anatase,mace,so3,0,0.9,1.3180369138717651,0.0,109
TiO2_anatase,mace,so3,0,0.95,1.3513076305389404,0.0,109
TiO2_anatase,mace,so3,0,1.0,1.381191372871399,0.0,109
TiO2_anatase,mace,so3,0,1.0499999999999998,1.4079234600067139,0.0,109
TiO2_anatase,mace,so3,0,1.0999999999999999,1.4317539930343628,0.0,109
TiO2_anatase,mace,so3,0,1.15,1.452962875366211,0.0,109
TiO2_anatase,mace,so3,0,1.2,1.4718645811080933,0.0,109
TiO2_anatase,mace,so3,1,0.0,1.0113855600357056,0.0,141
TiO2_anatase,mace,so3,1,0.001,1.0113886594772339,0.0,109
TiO2_anatase,mace,so3,1,0.0017492711874398425,1.0113900899887085,0.0,109
TiO2_anatase,mace,so3,1,0.0030599496872071963,1.0113948583602905,0.0,109
TiO2_anatase,mace,so3,1,0.005352681822847106,1.0114009380340576,0.0,109
TiO2_anatase,mace,so3,1,0.009363292088239416,1.0114296674728394,0.0,109
TiO2_anatase,mace,so3,1,0.016378937069540637,1.0115174055099487,0.0,109
TiO2_anatase,mace,so3,1,0.028651202696637804,1.0117857456207275,0.0,109
TiO2_anatase,mace,so3,1,0.05,1.0125930309295654,0.0,109
TiO2_anatase,mace,so3,1,0.05011872336272722,1.012597918510437,0.0,109
TiO2_anatase,mace,so3,1,0.1,1.0161134004592896,0.0,109
TiO2_anatase,mace,so3,1,0.15,1.0216652154922485,0.0,109
TiO2_anatase,mace,so3,1,0.2,1.0288283824920654,0.0,109
TiO2_anatase,mace,so3,1,0.25,1.0370588302612305,0.0,109
TiO2_anatase,mace,so3,1,0.3,1.0457587242126465,0.0,109
TiO2_anatase,mace,so3,1,0.35,1.0543138980865479,0.0,109
TiO2_anatase,mace,so3,1,0.39999999999999997,1.0621585845947266,0.0,109
TiO2_anatase,mace,so3,1,0.44999999999999996,1.0687974691390991,0.0,109
TiO2_anatase,mace,so3,1,0.49999999999999994,1.0738438367843628,0.0,109
TiO2_anatase,mace,so3,1,0.5499999999999999,1.07705819606781,0.0,109
TiO2_anatase,mace,so3,1,0.6,1.0783358812332153,0.0,109
TiO2_anatase,mace,so3,1,0.65,1.077752947807312,0.0,109
TiO2_anatase,mace,so3,1,0.7,1.0755658149719238,0.0,109
TiO2_anatase,mace,so3,1,0.75,1.0722076892852783,0.0,109
TiO2_anatase,mace,so3,1,0.7999999999999999,1.068312168121338,0.0,109
TiO2_anatase,mace,so3,1,0.85,1.0647069215774536,0.0,109
TiO2_anatase,mace,so3,1,0.9,1.0624096393585205,0.0,109
TiO2_anatase,mace,so3,1,0.95,1.0626139640808105,0.0,109
TiO2_anatase,mace,so3,1,1.0,1.0666674375534058,0.0,109
TiO2_anatase,mace,so3,1,1.0499999999999998,1.0759955644607544,0.0,109
TiO2_anatase,mace,so3,1,1.0999999999999999,1.0920519828796387,0.0,109
TiO2_anatase,mace,so3,1,1.15,1.1162008047103882,0.0,109
TiO2_anatase,mace,so3,1,1.2,1.1496385335922241,0.0,109
TiO2_anatase,mace,so3,2,0.0,0.4921821057796478,0.0,141
TiO2_anatase,mace,so3,2,0.001,0.49218687415122986,0.0,109
TiO2_anatase,mace,so3,2,0.0017492711874398425,0.492196261882782,0.0,109
TiO2_anatase,mace,so3,2,0.0030599496872071963,0.49222368001937866,0.0,109
TiO2_anatase,mace,so3,2,0.005352681822847106,0.4923064112663269,0.0,109
TiO2_anatase,mace,so3,2,0.009363292088239416,0.4925609529018402,0.0,109
TiO2_anatase,mace,so3,2,0.016378937069540637,0.493339478969574,0.0,109
TiO2_anatase,mace,so3,2,0.028651202696637804,0.4957122504711151,0.0,109
TiO2_anatase,mace,so3,2,0.05,0.5028332471847534,0.0,109
TiO2_anatase,mace,so3,2,0.05011872336272722,0.50288325548172,0.0,109
TiO2_anatase,mace,so3,2,0.1,0.5331578254699707,0.0,109
TiO2_anatase,mace,so3,2,0.15,0.5791066288948059,0.0,109
TiO2_anatase,mace,so3,2,0.2,0.6358925104141235,0.0,109
TiO2_anatase,mace,so3,2,0.25,0.699153482913971,0.0,109
TiO2_anatase,mace,so3,2,0.3,0.765385091304779,0.0,109
TiO2_anatase,mace,so3,2,0.35,0.8319041132926941,0.0,109
TiO2_anatase,mace,so3,2,0.39999999999999997,0.8966900706291199,0.0,109
TiO2_anatase,mace,so3,2,0.44999999999999996,0.958229660987854,0.0,109
TiO2_anatase,mace,so3,2,0.49999999999999994,1.0153942108154297,0.0,109
TiO2_anatase,mace,so3,2,0.5499999999999999,1.0673733949661255,0.0,109
TiO2_anatase,mace,so3,2,0.6,1.1136040687561035,0.0,109
TiO2_anatase,mace,so3,2,0.65,1.1537652015686035,0.0,109
TiO2_anatase,mace,so3,2,0.7,1.1877350807189941,0.0,109
TiO2_anatase,mace,so3,2,0.75,1.215601921081543,0.0,109
TiO2_anatase,mace,so3,2,0.7999999999999999,1.2376452684402466,0.0,109
TiO2_anatase,mace,so3,2,0.85,1.2543333768844604,0.0,109
TiO2_anatase,mace,so3,2,0.9,1.2663346529006958,0.0,109
TiO2_anatase,mace,so3,2,0.95,1.274497628211975,0.0,109
TiO2_anatase,mace,so3,2,1.0,1.2798550128936768,0.0,109
TiO2_anatase,mace,so3,2,1.0499999999999998,1.2835999727249146,0.0,109
TiO2_anatase,mace,so3,2,1.0999999999999999,1.2870655059814453,0.0,109
TiO2_anatase,mace,so3,2,1.15,1.2916710376739502,0.0,109
TiO2_anatase,mace,so3,2,1.2,1.298867106437683,0.0,109
