core,parity,variant,threshold,false_flag_mean,false_flag_std
nequip,o3,idealized,0.0001,0.000500,0.000000
nequip,o3,idealized,0.00014678,0.000500,0.000000
nequip,o3,idealized,0.000215443,0.000500,0.000000
nequip,o3,idealized,0.000316228,0.000500,0.000000
nequip,o3,idealized,0.000464159,0.000167,0.000289
nequip,o3,idealized,0.000681292,0.000000,0.000000
nequip,o3,idealized,0.001,0.000000,0.000000
nequip,o3,idealized,0.0014678,0.000000,0.000000
nequip,o3,idealized,0.00215443,0.000000,0.000000
nequip,o3,idealized,0.00316228,0.000000,0.000000
nequip,o3,idealized,0.00464159,0.000000,0.000000
nequip,o3,idealized,0.00681292,0.000000,0.000000
nequip,o3,idealized,0.01,0.000000,0.000000
nequip,o3,idealized,0.014678,0.000000,0.000000
nequip,o3,idealized,0.0215443,0.000000,0.000000
nequip,o3,idealized,0.0316228,0.000000,0.000000
nequip,o3,idealized,0.0464159,0.000000,0.000000
nequip,o3,idealized,0.0681292,0.000000,0.000000
nequip,o3,idealized,0.1,0.000000,0.000000
nequip,o3,idealized,0.14678,0.000000,0.000000
nequip,o3,idealized,0.215443,0.000000,0.000000
nequip,o3,idealized,0.316228,0.000000,0.000000
nequip,o3,idealized,0.464159,0.000000,0.000000
nequip,o3,idealized,0.681292,0.000000,0.000000
nequip,o3,idealized,1,0.000000,0.000000
nequip,o3,raw,0.0001,0.024500,0.002291
nequip,o3,raw,0.00014678,0.021167,0.001041
nequip,o3,raw,0.000215443,0.018667,0.001041
nequip,o3,raw,0.000316228,0.016000,0.000866
nequip,o3,raw,0.000464159,0.012167,0.000289
nequip,o3,raw,0.000681292,0.009167,0.001155
nequip,o3,raw,0.001,0.007500,0.000500
nequip,o3,raw,0.0014678,0.005167,0.001528
nequip,o3,raw,0.00215443,0.003333,0.001258
nequip,o3,raw,0.00316228,0.001500,0.000500
nequip,o3,raw,0.00464159,0.000667,0.000289
nequip,o3,raw,0.00681292,0.000333,0.000289
nequip,o3,raw,0.01,0.000167,0.000289
nequip,o3,raw,0.014678,0.000000,0.000000
nequip,o3,raw,0.0215443,0.000000,0.000000
nequip,o3,raw,0.0316228,0.000000,0.000000
nequip,o3,raw,0.0464159,0.000000,0.000000
nequip,o3,raw,0.0681292,0.000000,0.000000
nequip,o3,raw,0.1,0.000000,0.000000
nequip,o3,raw,0.14678,0.000000,0.000000
nequip,o3,raw,0.215443,0.000000,0.000000
nequip,o3,raw,0.316228,0.000000,0.000000
nequip,o3,raw,0.464159,0.000000,0.000000
nequip,o3,raw,0.681292,0.000000,0.000000
nequip,o3,raw,1,0.000000,0.000000
nequip,so3,idealized,0.0001,0.917000,0.000000
nequip,so3,idealized,0.00014678,0.917000,0.000000
nequip,so3,idealized,0.000215443,0.916333,0.000577
nequip,so3,idealized,0.000316228,0.915667,0.000289
nequip,so3,idealized,0.000464159,0.915667,0.000289
nequip,so3,idealized,0.000681292,0.914667,0.000289
nequip,so3,idealized,0.001,0.913333,0.000289
nequip,so3,idealized,0.0014678,0.912833,0.000577
nequip,so3,idealized,0.00215443,0.910667,0.000289
nequip,so3,idealized,0.00316228,0.907500,0.000500
nequip,so3,idealized,0.00464159,0.905000,0.001323
nequip,so3,idealized,0.00681292,0.900000,0.001732
nequip,so3,idealized,0.01,0.895333,0.000764
nequip,so3,idealized,0.014678,0.889333,0.000764
nequip,so3,idealized,0.0215443,0.882833,0.002021
nequip,so3,idealized,0.0316228,0.873167,0.003329
nequip,so3,idealized,0.0464159,0.858833,0.002021
nequip,so3,idealized,0.0681292,0.841000,0.003500
nequip,so3,idealized,0.1,0.817667,0.004726
nequip,so3,idealized,0.14678,0.784500,0.009165
nequip,so3,idealized,0.215443,0.738667,0.012712
nequip,so3,idealized,0.316228,0.681667,0.013051
nequip,so3,idealized,0.464159,0.601833,0.020744
nequip,so3,idealized,0.681292,0.492000,0.027731
nequip,so3,idealized,1,0.354833,0.042416
nequip,so3,raw,0.0001,0.917833,0.000289
nequip,so3,raw,0.00014678,0.917500,0.000000
nequip,so3,raw,0.000215443,0.916500,0.000500
nequip,so3,raw,0.000316228,0.915667,0.000289
nequip,so3,raw,0.000464159,0.915667,0.000289
nequip,so3,raw,0.000681292,0.915000,0.000500
nequip,so3,raw,0.001,0.913833,0.000289
nequip,so3,raw,0.0014678,0.913000,0.000866
nequip,so3,raw,0.00215443,0.910667,0.000289
nequip,so3,raw,0.00316228,0.907500,0.000500
nequip,so3,raw,0.00464159,0.905000,0.001323
nequip,so3,raw,0.00681292,0.900000,0.001732
nequip,so3,raw,0.01,0.895333,0.000764
nequip,so3,raw,0.014678,0.889333,0.000764
nequip,so3,raw,0.0215443,0.882833,0.002021
nequip,so3,raw,0.0316228,0.873333,0.003055
nequip,so3,raw,0.0464159,0.859167,0.002082
nequip,so3,raw,0.0681292,0.841333,0.003512
nequip,so3,raw,0.1,0.818000,0.004822
nequip,so3,raw,0.14678,0.785500,0.008675
nequip,so3,raw,0.215443,0.739833,0.012493
nequip,so3,raw,0.316228,0.682833,0.013512
nequip,so3,raw,0.464159,0.604167,0.021197
nequip,so3,raw,0.681292,0.495000,0.027753
nequip,so3,raw,1,0.357000,0.042128
allegro,o3,idealized,0.0001,0.000500,0.000000
allegro,o3,idealized,0.00014678,0.000500,0.000000
allegro,o3,idealized,0.000215443,0.000500,0.000000
allegro,o3,idealized,0.000316228,0.000500,0.000000
allegro,o3,idealized,0.000464159,0.000500,0.000000
allegro,o3,idealized,0.000681292,0.000500,0.000000
allegro,o3,idealized,0.001,0.000167,0.000289
allegro,o3,idealized,0.0014678,0.000000,0.000000
allegro,o3,idealized,0.00215443,0.000000,0.000000
allegro,o3,idealized,0.00316228,0.000000,0.000000
allegro,o3,idealized,0.00464159,0.000000,0.000000
allegro,o3,idealized,0.00681292,0.000000,0.000000
allegro,o3,idealized,0.01,0.000000,0.000000
allegro,o3,idealized,0.014678,0.000000,0.000000
allegro,o3,idealized,0.0215443,0.000000,0.000000
allegro,o3,idealized,0.0316228,0.000000,0.000000
allegro,o3,idealized,0.0464159,0.000000,0.000000
allegro,o3,idealized,0.0681292,0.000000,0.000000
allegro,o3,idealized,0.1,0.000000,0.000000
allegro,o3,idealized,0.14678,0.000000,0.000000
allegro,o3,idealized,0.215443,0.000000,0.000000
allegro,o3,idealized,0.316228,0.000000,0.000000
allegro,o3,idealized,0.464159,0.000000,0.000000
allegro,o3,idealized,0.681292,0.000000,0.000000
allegro,o3,idealized,1,0.000000,0.000000
allegro,o3,raw,0.0001,0.028167,0.001528
allegro,o3,raw,0.00014678,0.025000,0.001000
allegro,o3,raw,0.000215443,0.019833,0.000764
allegro,o3,raw,0.000316228,0.017167,0.000764
allegro,o3,raw,0.000464159,0.013167,0.000764
allegro,o3,raw,0.000681292,0.009833,0.000289
allegro,o3,raw,0.001,0.007000,0.000500
allegro,o3,raw,0.0014678,0.004167,0.000577
allegro,o3,raw,0.00215443,0.003333,0.000577
allegro,o3,raw,0.00316228,0.001500,0.001000
allegro,o3,raw,0.00464159,0.000667,0.000764
allegro,o3,raw,0.00681292,0.000333,0.000577
allegro,o3,raw,0.01,0.000000,0.000000
allegro,o3,raw,0.014678,0.000000,0.000000
allegro,o3,raw,0.0215443,0.000000,0.000000
allegro,o3,raw,0.0316228,0.000000,0.000000
allegro,o3,raw,0.0464159,0.000000,0.000000
allegro,o3,raw,0.0681292,0.000000,0.000000
allegro,o3,raw,0.1,0.000000,0.000000
allegro,o3,raw,0.14678,0.000000,0.000000
allegro,o3,raw,0.215443,0.000000,0.000000
allegro,o3,raw,0.316228,0.000000,0.000000
allegro,o3,raw,0.464159,0.000000,0.000000
allegro,o3,raw,0.681292,0.000000,0.000000
allegro,o3,raw,1,0.000000,0.000000
allegro,so3,idealized,0.0001,0.916833,0.000289
allegro,so3,idealized,0.00014678,0.916833,0.000289
allegro,so3,idealized,0.000215443,0.916500,0.000500
allegro,so3,idealized,0.000316228,0.916333,0.000289
allegro,so3,idealized,0.000464159,0.916000,0.000500
allegro,so3,idealized,0.000681292,0.915833,0.000289
allegro,so3,idealized,0.001,0.915500,0.000500
allegro,so3,idealized,0.0014678,0.915500,0.000500
allegro,so3,idealized,0.00215443,0.914333,0.000577
allegro,so3,idealized,0.00316228,0.914167,0.000289
allegro,so3,idealized,0.00464159,0.913000,0.001000
allegro,so3,idealized,0.00681292,0.910667,0.001893
allegro,so3,idealized,0.01,0.909500,0.001500
allegro,so3,idealized,0.014678,0.906333,0.000764
allegro,so3,idealized,0.0215443,0.900500,0.002291
allegro,so3,idealized,0.0316228,0.894333,0.004752
allegro,so3,idealized,0.0464159,0.885833,0.005859
allegro,so3,idealized,0.0681292,0.872333,0.012014
allegro,so3,idealized,0.1,0.855333,0.011004
allegro,so3,idealized,0.14678,0.828000,0.015716
allegro,so3,idealized,0.215443,0.795333,0.018002
allegro,so3,idealized,0.316228,0.747333,0.029540
allegro,so3,idealized,0.464159,0.687000,0.030631
allegro,so3,idealized,0.681292,0.602333,0.037438
allegro,so3,idealized,1,0.480167,0.043279
allegro,so3,raw,0.0001,0.918167,0.001258
allegro,so3,raw,0.00014678,0.917333,0.000577
allegro,so3,raw,0.000215443,0.916833,0.000764
allegro,so3,raw,0.000316228,0.916500,0.000500
allegro,so3,raw,0.000464159,0.916167,0.000289
allegro,so3,raw,0.000681292,0.916000,0.000500
allegro,so3,raw,0.001,0.915667,0.000764
allegro,so3,raw,0.0014678,0.915500,0.000500
allegro,so3,raw,0.00215443,0.914333,0.000577
allegro,so3,raw,0.00316228,0.914167,0.000289
allegro,so3,raw,0.00464159,0.913000,0.001000
allegro,so3,raw,0.00681292,0.910667,0.001893
allegro,so3,raw,0.01,0.909500,0.001500
allegro,so3,raw,0.014678,0.906333,0.000764
allegro,so3,raw,0.0215443,0.900500,0.002291
allegro,so3,raw,0.0316228,0.894333,0.004752
allegro,so3,raw,0.0464159,0.886000,0.005679
allegro,so3,raw,0.0681292,0.872833,0.012014
allegro,so3,raw,0.1,0.855667,0.011015
allegro,so3,raw,0.14678,0.828333,0.015177
allegro,so3,raw,0.215443,0.796667,0.018009
allegro,so3,raw,0.316228,0.749167,0.029412
allegro,so3,raw,0.464159,0.688333,0.030718
allegro,so3,raw,0.681292,0.604500,0.038311
allegro,so3,raw,1,0.483333,0.043337
mace,o3,idealized,0.0001,0.000667,0.000289
mace,o3,idealized,0.00014678,0.000500,0.000000
mace,o3,idealized,0.000215443,0.000500,0.000000
mace,o3,idealized,0.000316228,0.000500,0.000000
mace,o3,idealized,0.000464159,0.000500,0.000000
mace,o3,idealized,0.000681292,0.000500,0.000000
mace,o3,idealized,0.001,0.000333,0.000289
mace,o3,idealized,0.0014678,0.000000,0.000000
mace,o3,idealized,0.00215443,0.000000,0.000000
mace,o3,idealized,0.00316228,0.000000,0.000000
mace,o3,idealized,0.00464159,0.000000,0.000000
mace,o3,idealized,0.00681292,0.000000,0.000000
mace,o3,idealized,0.01,0.000000,0.000000
mace,o3,idealized,0.014678,0.000000,0.000000
mace,o3,idealized,0.0215443,0.000000,0.000000
mace,o3,idealized,0.0316228,0.000000,0.000000
mace,o3,idealized,0.0464159,0.000000,0.000000
mace,o3,idealized,0.0681292,0.000000,0.000000
mace,o3,idealized,0.1,0.000000,0.000000
mace,o3,idealized,0.14678,0.000000,0.000000
mace,o3,idealized,0.215443,0.000000,0.000000
mace,o3,idealized,0.316228,0.000000,0.000000
mace,o3,idealized,0.464159,0.000000,0.000000
mace,o3,idealized,0.681292,0.000000,0.000000
mace,o3,idealized,1,0.000000,0.000000
mace,o3,raw,0.0001,0.028167,0.002466
mace,o3,raw,0.00014678,0.024333,0.002363
mace,o3,raw,0.000215443,0.021833,0.001041
mace,o3,raw,0.000316228,0.018333,0.001258
mace,o3,raw,0.000464159,0.013667,0.001607
mace,o3,raw,0.000681292,0.010333,0.001756
mace,o3,raw,0.001,0.007333,0.001041
mace,o3,raw,0.0014678,0.005500,0.000866
mace,o3,raw,0.00215443,0.003167,0.000764
mace,o3,raw,0.00316228,0.002333,0.000289
mace,o3,raw,0.00464159,0.000667,0.000289
mace,o3,raw,0.00681292,0.000333,0.000289
mace,o3,raw,0.01,0.000333,0.000289
mace,o3,raw,0.014678,0.000167,0.000289
mace,o3,raw,0.0215443,0.000000,0.000000
mace,o3,raw,0.0316228,0.000000,0.000000
mace,o3,raw,0.0464159,0.000000,0.000000
mace,o3,raw,0.0681292,0.000000,0.000000
mace,o3,raw,0.1,0.000000,0.000000
mace,o3,raw,0.14678,0.000000,0.000000
mace,o3,raw,0.215443,0.000000,0.000000
mace,o3,raw,0.316228,0.000000,0.000000
mace,o3,raw,0.464159,0.000000,0.000000
mace,o3,raw,0.681292,0.000000,0.000000
mace,o3,raw,1,0.000000,0.000000
mace,so3,idealized,0.0001,0.916833,0.000289
mace,so3,idealized,0.00014678,0.916667,0.000289
mace,so3,idealized,0.000215443,0.916333,0.000289
mace,so3,idealized,0.000316228,0.916333,0.000289
mace,so3,idealized,0.000464159,0.916167,0.000289
mace,so3,idealized,0.000681292,0.915667,0.000289
mace,so3,idealized,0.001,0.915000,0.000500
mace,so3,idealized,0.0014678,0.914833,0.000764
mace,so3,idealized,0.00215443,0.914000,0.000500
mace,so3,idealized,0.00316228,0.913500,0.000500
mace,so3,idealized,0.00464159,0.912167,0.000764
mace,so3,idealized,0.00681292,0.910000,0.000500
mace,so3,idealized,0.01,0.907667,0.000764
mace,so3,idealized,0.014678,0.903833,0.001041
mace,so3,idealized,0.0215443,0.898667,0.001155
mace,so3,idealized,0.0316228,0.893167,0.004193
mace,so3,idealized,0.0464159,0.883833,0.004252
mace,so3,idealized,0.0681292,0.871833,0.000289
mace,so3,idealized,0.1,0.855000,0.001323
mace,so3,idealized,0.14678,0.831667,0.003253
mace,so3,idealized,0.215443,0.796333,0.006331
mace,so3,idealized,0.316228,0.752833,0.007489
mace,so3,idealized,0.464159,0.688333,0.010004
mace,so3,idealized,0.681292,0.599333,0.017673
mace,so3,idealized,1,0.467167,0.025867
mace,so3,raw,0.0001,0.917333,0.000289
mace,so3,raw,0.00014678,0.916833,0.000289
mace,so3,raw,0.000215443,0.916667,0.000289
mace,so3,raw,0.000316228,0.916667,0.000289
mace,so3,raw,0.000464159,0.916333,0.000289
mace,so3,raw,0.000681292,0.915833,0.000289
mace,so3,raw,0.001,0.915000,0.000500
mace,so3,raw,0.0014678,0.914833,0.000764
mace,so3,raw,0.00215443,0.914000,0.000500
mace,so3,raw,0.00316228,0.913500,0.000500
mace,so3,raw,0.00464159,0.912167,0.000764
mace,so3,raw,0.00681292,0.910000,0.000500
mace,so3,raw,0.01,0.907667,0.000764
mace,so3,raw,0.014678,0.903833,0.001041
mace,so3,raw,0.0215443,0.898667,0.001155
mace,so3,raw,0.0316228,0.893167,0.004193
mace,so3,raw,0.0464159,0.883833,0.004252
mace,so3,raw,0.0681292,0.872000,0.000500
mace,so3,raw,0.1,0.855500,0.001000
mace,so3,raw,0.14678,0.832500,0.003279
mace,so3,raw,0.215443,0.797333,0.006171
mace,so3,raw,0.316228,0.754333,0.008129
mace,so3,raw,0.464159,0.689667,0.010017
mace,so3,raw,0.681292,0.602167,0.016646
mace,so3,raw,1,0.470167,0.025867
equiformer_v2,so3,idealized,0.0001,0.996833,0.000764
equiformer_v2,so3,idealized,0.00014678,0.996833,0.000764
equiformer_v2,so3,idealized,0.000215443,0.996333,0.000289
equiformer_v2,so3,idealized,0.000316228,0.995833,0.000764
equiformer_v2,so3,idealized,0.000464159,0.995167,0.001041
equiformer_v2,so3,idealized,0.000681292,0.993667,0.001893
equiformer_v2,so3,idealized,0.001,0.991833,0.002566
equiformer_v2,so3,idealized,0.0014678,0.989333,0.002363
equiformer_v2,so3,idealized,0.00215443,0.984667,0.004726
equiformer_v2,so3,idealized,0.00316228,0.977167,0.004041
equiformer_v2,so3,idealized,0.00464159,0.969500,0.003969
equiformer_v2,so3,idealized,0.00681292,0.962500,0.003464
equiformer_v2,so3,idealized,0.01,0.957000,0.005220
equiformer_v2,so3,idealized,0.014678,0.946167,0.007816
equiformer_v2,so3,idealized,0.0215443,0.933167,0.011295
equiformer_v2,so3,idealized,0.0316228,0.918167,0.015135
equiformer_v2,so3,idealized,0.0464159,0.894833,0.022485
equiformer_v2,so3,idealized,0.0681292,0.863833,0.029310
equiformer_v2,so3,idealized,0.1,0.823833,0.040393
equiformer_v2,so3,idealized,0.14678,0.771333,0.043762
equiformer_v2,so3,idealized,0.215443,0.710167,0.049011
equiformer_v2,so3,idealized,0.316228,0.607333,0.066337
equiformer_v2,so3,idealized,0.464159,0.479167,0.062870
equiformer_v2,so3,idealized,0.681292,0.349500,0.050067
equiformer_v2,so3,idealized,1,0.220333,0.026539
equiformer_v2,so3,raw,0.0001,0.997000,0.000500
equiformer_v2,so3,raw,0.00014678,0.996500,0.000500
equiformer_v2,so3,raw,0.000215443,0.996333,0.000764
equiformer_v2,so3,raw,0.000316228,0.995667,0.001041
equiformer_v2,so3,raw,0.000464159,0.995167,0.000764
equiformer_v2,so3,raw,0.000681292,0.994000,0.001732
equiformer_v2,so3,raw,0.001,0.992333,0.002754
equiformer_v2,so3,raw,0.0014678,0.989000,0.004822
equiformer_v2,so3,raw,0.00215443,0.984833,0.004163
equiformer_v2,so3,raw,0.00316228,0.976667,0.004252
equiformer_v2,so3,raw,0.00464159,0.969833,0.004481
equiformer_v2,so3,raw,0.00681292,0.963833,0.004072
equiformer_v2,so3,raw,0.01,0.956333,0.005393
equiformer_v2,so3,raw,0.014678,0.946000,0.007000
equiformer_v2,so3,raw,0.0215443,0.933333,0.010693
equiformer_v2,so3,raw,0.0316228,0.917667,0.012662
equiformer_v2,so3,raw,0.0464159,0.892500,0.023060
equiformer_v2,so3,raw,0.0681292,0.863000,0.030377
equiformer_v2,so3,raw,0.1,0.824000,0.039633
equiformer_v2,so3,raw,0.14678,0.772500,0.042729
equiformer_v2,so3,raw,0.215443,0.710833,0.049245
equiformer_v2,so3,raw,0.316228,0.611167,0.064812
equiformer_v2,so3,raw,0.464159,0.482833,0.064012
equiformer_v2,so3,raw,0.681292,0.353167,0.050163
equiformer_v2,so3,raw,1,0.222500,0.026754
